run_dir,csv_path,world,plasticity,init,seed,n_generations,asymp_fitness,asymp_maternal_fraction,asymp_frac_care,asymp_frac_protect,asymp_frac_forage,asymp_frac_self,asymp_child_ttd_norm,asymp_mother_ttd_norm,asymp_u_drift_end,asymp_du_plastic,asymp_du_plastic_peak,asymp_plastic_active_frac,asymp_lr_eff
E2_anti_maternal_seed42,/home/fibo1/foo_thesis/Senior_thesis/Emergence_results/normal/E2_anti_maternal_seed42/lineage_generations.csv,,E2,anti_maternal,42,3001,0.62195,0.1537,0.1028,0.0509,0.835,0.0113,0.2676999999999999,1.0,0.0,0.0,0.0,0.0,
E2_anti_maternal_seed43,/home/fibo1/foo_thesis/Senior_thesis/Emergence_results/normal/E2_anti_maternal_seed43/lineage_generations.csv,,E2,anti_maternal,43,3001,0.3906,0.1986211926337328,0.0461516515638702,0.1524695410698626,0.76238591055247,0.0389928968137971,0.2474,0.8586,0.0,0.0,0.0,0.0,
E2_anti_maternal_seed44,/home/fibo1/foo_thesis/Senior_thesis/Emergence_results/normal/E2_anti_maternal_seed44/lineage_generations.csv,,E2,anti_maternal,44,3001,0.50705,0.3560708131278661,0.3558708131278661,0.0002,0.6415291868721338,0.0024,0.2613,0.7928,0.0,0.0,0.0,0.0,
E2_anti_maternal_seed45,/home/fibo1/foo_thesis/Senior_thesis/Emergence_results/normal/E2_anti_maternal_seed45/lineage_generations.csv,,E2,anti_maternal,45,3001,0.50725,0.3191427725442516,0.3191427725442516,0.0,0.674298524218858,0.0065587032368903,0.2489999999999999,0.8007,0.0,0.0,0.0,0.0,
E2_anti_maternal_seed46,/home/fibo1/foo_thesis/Senior_thesis/Emergence_results/normal/E2_anti_maternal_seed46/lineage_generations.csv,,E2,anti_maternal,46,3001,0.51085,0.2905540983606557,0.2905540983606557,0.0,0.7046508196721311,0.0047950819672131,0.2214999999999999,0.861,0.0,0.0,0.0,0.0,
E2_anti_maternal_seed47,/home/fibo1/foo_thesis/Senior_thesis/Emergence_results/normal/E2_anti_maternal_seed47/lineage_generations.csv,,E2,anti_maternal,47,3001,0.4095,0.4206387875841486,0.4199176695717262,0.0007211180124223,0.5600526892521026,0.0193085231637487,0.2825,0.6613,0.0,0.0,0.0,0.0,
E2_anti_maternal_seed48,/home/fibo1/foo_thesis/Senior_thesis/Emergence_results/normal/E2_anti_maternal_seed48/lineage_generations.csv,,E2,anti_maternal,48,3001,0.5995,0.1999,0.1994,0.0005,0.7964,0.0037,0.199,1.0,0.0,0.0,0.0,0.0,
E2_anti_maternal_seed49,/home/fibo1/foo_thesis/Senior_thesis/Emergence_results/normal/E2_anti_maternal_seed49/lineage_generations.csv,,E2,anti_maternal,49,3001,0.33525,0.3657442344889153,0.3011118139792272,0.0646324205096881,0.6048949688982164,0.0293607966128682,0.2052,0.7053,0.0,0.0,0.0,0.0,
E2_anti_maternal_seed50,/home/fibo1/foo_thesis/Senior_thesis/Emergence_results/normal/E2_anti_maternal_seed50/lineage_generations.csv,,E2,anti_maternal,50,3001,0.4448999999999999,0.1335,0.053,0.0804999999999999,0.8335000000000001,0.033,0.2098,1.0,0.0,0.0,0.0,0.0,
E2_anti_maternal_seed51,/home/fibo1/foo_thesis/Senior_thesis/Emergence_results/normal/E2_anti_maternal_seed51/lineage_generations.csv,,E2,anti_maternal,51,3001,0.6132,0.2032999999999999,0.1948,0.0085,0.7958000000000001,0.0009,0.2264,1.0,0.0,0.0,0.0,0.0,
E2_pro_maternal_seed42,/home/fibo1/foo_thesis/Senior_thesis/Emergence_results/normal/E2_pro_maternal_seed42/lineage_generations.csv,,E2,pro_maternal,42,3001,0.3830999999999999,0.1762760184215692,0.1403554790262417,0.0359205393953275,0.7677989275898174,0.0559250539886133,0.2462999999999999,0.8029,0.0,0.0,0.0,0.0,
E2_pro_maternal_seed43,/home/fibo1/foo_thesis/Senior_thesis/Emergence_results/normal/E2_pro_maternal_seed43/lineage_generations.csv,,E2,pro_maternal,43,3001,0.40095,0.0662430939226519,0.0661430939226519,0.0001,0.8412436464088398,0.0925132596685082,0.1857,0.9362,0.0,0.0,0.0,0.0,
E2_pro_maternal_seed44,/home/fibo1/foo_thesis/Senior_thesis/Emergence_results/normal/E2_pro_maternal_seed44/lineage_generations.csv,,E2,pro_maternal,44,3001,0.4556,0.061,0.0593999999999999,0.0016,0.8743000000000001,0.0647,0.1911999999999999,1.0,0.0,0.0,0.0,0.0,
E2_pro_maternal_seed45,/home/fibo1/foo_thesis/Senior_thesis/Emergence_results/normal/E2_pro_maternal_seed45/lineage_generations.csv,,E2,pro_maternal,45,3001,0.4712,0.1905362563136202,0.1852353554127193,0.0053009009009009,0.7920637436863798,0.0174,0.2742,0.8682000000000001,0.0,0.0,0.0,0.0,
E2_pro_maternal_seed46,/home/fibo1/foo_thesis/Senior_thesis/Emergence_results/normal/E2_pro_maternal_seed46/lineage_generations.csv,,E2,pro_maternal,46,3001,0.388,0.2759233061860423,0.2719771523398885,0.0039461538461538,0.684798718460035,0.0392779753539225,0.253,0.6684,0.0,0.0,0.0,0.0,
E2_pro_maternal_seed47,/home/fibo1/foo_thesis/Senior_thesis/Emergence_results/normal/E2_pro_maternal_seed47/lineage_generations.csv,,E2,pro_maternal,47,3001,0.4463,0.0798589595375722,0.0798589595375722,0.0,0.8338219653179191,0.0863190751445086,0.198,0.9346,0.0,0.0,0.0,0.0,
E2_pro_maternal_seed48,/home/fibo1/foo_thesis/Senior_thesis/Emergence_results/normal/E2_pro_maternal_seed48/lineage_generations.csv,,E2,pro_maternal,48,3001,0.3860499999999999,0.0865699481865285,0.0865699481865285,0.0,0.8093642487046632,0.1040658031088082,0.1935,0.9386,0.0,0.0,0.0,0.0,
E2_pro_maternal_seed49,/home/fibo1/foo_thesis/Senior_thesis/Emergence_results/normal/E2_pro_maternal_seed49/lineage_generations.csv,,E2,pro_maternal,49,3001,0.36955,0.3056683690703156,0.1908394456419237,0.1148289234283918,0.6641690520069663,0.0301625789227181,0.3521999999999999,0.6045,0.0,0.0,0.0,0.0,
E2_pro_maternal_seed50,/home/fibo1/foo_thesis/Senior_thesis/Emergence_results/normal/E2_pro_maternal_seed50/lineage_generations.csv,,E2,pro_maternal,50,3001,0.4365499999999999,0.1904472081218274,0.1892472081218274,0.0012,0.7718918781725889,0.0376609137055837,0.2938999999999999,0.9394,0.0,0.0,0.0,0.0,
E2_pro_maternal_seed51,/home/fibo1/foo_thesis/Senior_thesis/Emergence_results/normal/E2_pro_maternal_seed51/lineage_generations.csv,,E2,pro_maternal,51,3001,0.43015,0.1641621621621622,0.1629621621621622,0.0012,0.809627027027027,0.0262108108108108,0.2433,0.937,0.0,0.0,0.0,0.0,
E2_random_uniform_seed42,/home/fibo1/foo_thesis/Senior_thesis/Emergence_results/normal/E2_random_uniform_seed42/lineage_generations.csv,,E2,random_uniform,42,3001,0.4741499999999999,0.086,0.0157,0.0702999999999999,0.8599,0.0541,0.1979,1.0,0.0,0.0,0.0,0.0,
E2_random_uniform_seed43,/home/fibo1/foo_thesis/Senior_thesis/Emergence_results/normal/E2_random_uniform_seed43/lineage_generations.csv,,E2,random_uniform,43,3001,0.45265,0.4277310492527514,0.4277310492527514,0.0,0.5486009599686863,0.0236679907785622,0.2862,0.6703,0.0,0.0,0.0,0.0,
E2_random_uniform_seed44,/home/fibo1/foo_thesis/Senior_thesis/Emergence_results/normal/E2_random_uniform_seed44/lineage_generations.csv,,E2,random_uniform,44,3001,0.3937999999999999,0.0746848101265822,0.0745848101265822,0.0001,0.8713708860759495,0.0539443037974683,0.176,0.9316,0.0,0.0,0.0,0.0,
E2_random_uniform_seed45,/home/fibo1/foo_thesis/Senior_thesis/Emergence_results/normal/E2_random_uniform_seed45/lineage_generations.csv,,E2,random_uniform,45,3001,0.47175,0.1206,0.097,0.0236,0.8337,0.0457,0.2237,1.0,0.0,0.0,0.0,0.0,
E2_random_uniform_seed46,/home/fibo1/foo_thesis/Senior_thesis/Emergence_results/normal/E2_random_uniform_seed46/lineage_generations.csv,,E2,random_uniform,46,3001,0.5379,0.1004999999999999,0.1002,0.0003,0.8257999999999999,0.0737,0.1989999999999999,1.0,0.0,0.0,0.0,0.0,
E2_random_uniform_seed47,/home/fibo1/foo_thesis/Senior_thesis/Emergence_results/normal/E2_random_uniform_seed47/lineage_generations.csv,,E2,random_uniform,47,3001,0.4751499999999999,0.2522197248431816,0.2469197248431816,0.0053,0.7226610827051816,0.0251191924516367,0.2534999999999999,0.8615999999999999,0.0,0.0,0.0,0.0,
E2_random_uniform_seed48,/home/fibo1/foo_thesis/Senior_thesis/Emergence_results/normal/E2_random_uniform_seed48/lineage_generations.csv,,E2,random_uniform,48,3001,0.5912499999999999,0.1957,0.1911,0.0046,0.7955000000000001,0.0088,0.2223,1.0,0.0,0.0,0.0,0.0,
E2_random_uniform_seed49,/home/fibo1/foo_thesis/Senior_thesis/Emergence_results/normal/E2_random_uniform_seed49/lineage_generations.csv,,E2,random_uniform,49,3001,0.4852,0.0729744572158365,0.0364623625416728,0.0365120946741636,0.8217000364896917,0.1053255062944718,0.2450999999999999,0.8697000000000001,0.0,0.0,0.0,0.0,
E2_random_uniform_seed50,/home/fibo1/foo_thesis/Senior_thesis/Emergence_results/normal/E2_random_uniform_seed50/lineage_generations.csv,,E2,random_uniform,50,3001,0.365,0.0866197802197802,0.0854450549450549,0.0011747252747252,0.8094153846153846,0.1039648351648351,0.192,0.9364,0.0,0.0,0.0,0.0,
E2_random_uniform_seed51,/home/fibo1/foo_thesis/Senior_thesis/Emergence_results/normal/E2_random_uniform_seed51/lineage_generations.csv,,E2,random_uniform,51,3001,0.47905,0.2107862704632895,0.2107862704632895,0.0,0.6488338228337912,0.1403799067029192,0.2474,0.8035,0.0,0.0,0.0,0.0,
P1_anti_maternal_seed42,/home/fibo1/foo_thesis/Senior_thesis/Emergence_results/normal/P1_anti_maternal_seed42/lineage_generations.csv,,P1,anti_maternal,42,3001,0.5335000000000001,0.3397094290525027,0.3302047604469616,0.0095046686055411,0.6470393693555794,0.0132512015919179,0.3037999999999999,0.7954000000000001,0.4357901379391925,0.0238510453204267,0.1478885680601614,0.3409242767488137,0.0424535063953901
P1_anti_maternal_seed43,/home/fibo1/foo_thesis/Senior_thesis/Emergence_results/normal/P1_anti_maternal_seed43/lineage_generations.csv,,P1,anti_maternal,43,3001,0.5627,0.2614189189189189,0.2614189189189189,0.0,0.7385810810810811,0.0,0.215,0.9296,0.3336829072367825,0.0188493799164143,0.125,0.3920189189189189,0.0413813675668568
P1_anti_maternal_seed44,/home/fibo1/foo_thesis/Senior_thesis/Emergence_results/normal/P1_anti_maternal_seed44/lineage_generations.csv,,P1,anti_maternal,44,3001,0.5461499999999999,0.2475827586206896,0.2472827586206896,0.0003,0.7471172413793103,0.0053,0.2433,0.929,0.3364453150964454,0.0214754107605268,0.1300000000000001,0.3862310344827586,0.0411048673901932
P1_anti_maternal_seed45,/home/fibo1/foo_thesis/Senior_thesis/Emergence_results/normal/P1_anti_maternal_seed45/lineage_generations.csv,,P1,anti_maternal,45,3001,0.474,0.2971327051019851,0.2307827035303179,0.0663500015716671,0.6607014944671553,0.0421658004308596,0.2864,0.7434000000000001,0.4498564194713924,0.0372798422647032,0.155,0.4482630406064222,0.0431670934954395
P1_anti_maternal_seed46,/home/fibo1/foo_thesis/Senior_thesis/Emergence_results/normal/P1_anti_maternal_seed46/lineage_generations.csv,,P1,anti_maternal,46,3001,0.48095,0.3948147841468578,0.3883888121198217,0.006425972027036,0.5967073387065319,0.0084778771466102,0.257,0.7257,0.4637258241853573,0.0284152299325045,0.1550000000000001,0.4024134975614468,0.041845784825197
P1_anti_maternal_seed47,/home/fibo1/foo_thesis/Senior_thesis/Emergence_results/normal/P1_anti_maternal_seed47/lineage_generations.csv,,P1,anti_maternal,47,3001,0.497,0.1468285714285714,0.1468285714285714,0.0,0.7855968253968253,0.0675746031746031,0.1713,0.9315,0.3014503796758544,0.0177321769032879,0.125035625780178,0.3600190476190476,0.0402983368989762
P1_anti_maternal_seed48,/home/fibo1/foo_thesis/Senior_thesis/Emergence_results/normal/P1_anti_maternal_seed48/lineage_generations.csv,,P1,anti_maternal,48,3001,0.5696,0.1496,0.1405,0.0091,0.8219,0.0285,0.1836,1.0,0.34621502717151,0.0178843291368128,0.135149270740776,0.3761,0.0400237215623511
P1_anti_maternal_seed49,/home/fibo1/foo_thesis/Senior_thesis/Emergence_results/normal/P1_anti_maternal_seed49/lineage_generations.csv,,P1,anti_maternal,49,3001,0.5530499999999999,0.1687,0.1241,0.0446,0.8249000000000001,0.0064,0.1861,1.0,0.3951092968144573,0.0207478206767213,0.15,0.3954999999999999,0.0407991706837187
P1_anti_maternal_seed50,/home/fibo1/foo_thesis/Senior_thesis/Emergence_results/normal/P1_anti_maternal_seed50/lineage_generations.csv,,P1,anti_maternal,50,3001,0.55315,0.2909298650917723,0.2699747322100631,0.0209551328817092,0.6924599038851253,0.0166102310231023,0.2461999999999999,0.8644999999999999,0.3898622361730708,0.0189099080071019,0.15,0.3052632331654218,0.0416436621273591
P1_anti_maternal_seed51,/home/fibo1/foo_thesis/Senior_thesis/Emergence_results/normal/P1_anti_maternal_seed51/lineage_generations.csv,,P1,anti_maternal,51,3001,0.6144999999999999,0.2053999999999999,0.2053999999999999,0.0,0.7936,0.001,0.2289999999999999,1.0,0.3416211120846238,0.0191934552956944,0.1300000000000001,0.3886,0.0411146895533718
P1_pro_maternal_seed42,/home/fibo1/foo_thesis/Senior_thesis/Emergence_results/normal/P1_pro_maternal_seed42/lineage_generations.csv,,P1,pro_maternal,42,3001,0.3381,0.3296656868460672,0.2624684817221815,0.0671972051238856,0.6362300106864985,0.0341043024674343,0.3061,0.6085,0.5343568132930437,0.0477379568937034,0.1600000000000001,0.5104063041215725,0.0441514842864107
P1_pro_maternal_seed43,/home/fibo1/foo_thesis/Senior_thesis/Emergence_results/normal/P1_pro_maternal_seed43/lineage_generations.csv,,P1,pro_maternal,43,3001,0.4537,0.182541441593299,0.178008027436692,0.0045334141566069,0.7446841110952633,0.0727744473114375,0.3201,0.8797,0.4485456049850689,0.028838186877595,0.155,0.3990387044072455,0.0424277189330005
P1_pro_maternal_seed44,/home/fibo1/foo_thesis/Senior_thesis/Emergence_results/normal/P1_pro_maternal_seed44/lineage_generations.csv,,P1,pro_maternal,44,3001,0.3805999999999999,0.3599783028408224,0.2435673428473888,0.1164109599934336,0.571125837127998,0.0688958600311796,0.3189999999999999,0.5982,0.413662940888004,0.0445338193363079,0.1720589666558263,0.4666351964145007,0.0448967426868297
P1_pro_maternal_seed45,/home/fibo1/foo_thesis/Senior_thesis/Emergence_results/normal/P1_pro_maternal_seed45/lineage_generations.csv,,P1,pro_maternal,45,3001,0.4565,0.2293720320282453,0.2208212281697244,0.0085508038585209,0.743395164239329,0.0272328037324254,0.2791,0.8617000000000001,0.3949679604634941,0.0276244372104372,0.155,0.4035144169136035,0.0418570365917626
P1_pro_maternal_seed46,/home/fibo1/foo_thesis/Senior_thesis/Emergence_results/normal/P1_pro_maternal_seed46/lineage_generations.csv,,P1,pro_maternal,46,3001,0.3562,0.3296761032094459,0.3238741530163079,0.0058019501931378,0.6388372907684334,0.0314866060221206,0.2633,0.6001000000000001,0.3786748165830848,0.0325760983668947,0.1531745194775748,0.4007234909342595,0.0427081244570252
P1_pro_maternal_seed47,/home/fibo1/foo_thesis/Senior_thesis/Emergence_results/normal/P1_pro_maternal_seed47/lineage_generations.csv,,P1,pro_maternal,47,3001,0.4560999999999999,0.0982699680511182,0.0942335463258786,0.0040364217252396,0.8057878594249201,0.0959421725239616,0.1809,0.9313,0.2547858940360462,0.0180428992835099,0.1206904517204458,0.3628207667731629,0.0401957692095849
P1_pro_maternal_seed48,/home/fibo1/foo_thesis/Senior_thesis/Emergence_results/normal/P1_pro_maternal_seed48/lineage_generations.csv,,P1,pro_maternal,48,3001,0.4996,0.1035414634146341,0.1035414634146341,0.0,0.7686048780487804,0.1278536585365853,0.2183999999999999,0.9328,0.3040513967261313,0.0188295993385725,0.1338779766781699,0.3659829268292683,0.0408587905915241
P1_pro_maternal_seed49,/home/fibo1/foo_thesis/Senior_thesis/Emergence_results/normal/P1_pro_maternal_seed49/lineage_generations.csv,,P1,pro_maternal,49,3001,0.3764999999999999,0.2625964970363646,0.2360143803065092,0.0265821167298552,0.7086330111603567,0.0287704918032786,0.2493,0.7917,0.3809085141889443,0.0303979138923493,0.15,0.4032299887862445,0.0419790644518734
P1_pro_maternal_seed50,/home/fibo1/foo_thesis/Senior_thesis/Emergence_results/normal/P1_pro_maternal_seed50/lineage_generations.csv,,P1,pro_maternal,50,3001,0.4023,0.1328755868544601,0.1312755868544601,0.0016,0.8052525821596245,0.0618718309859154,0.2234,0.9426,0.2872925514301546,0.0211876833187304,0.1402426498312204,0.3544568075117371,0.0410611575279778
P1_pro_maternal_seed51,/home/fibo1/foo_thesis/Senior_thesis/Emergence_results/normal/P1_pro_maternal_seed51/lineage_generations.csv,,P1,pro_maternal,51,3001,0.41725,0.2635851644066982,0.2553451836001069,0.0082399808065912,0.6787417041480184,0.0576731314452833,0.3466999999999999,0.7704,0.382309282024513,0.0326040452074867,0.1674544848544757,0.399535540944912,0.0438771754611777
P1_random_uniform_seed42,/home/fibo1/foo_thesis/Senior_thesis/Emergence_results/normal/P1_random_uniform_seed42/lineage_generations.csv,,P1,random_uniform,42,3001,0.4177,0.0975210526315789,0.041825466893039,0.0556955857385399,0.8145823429541595,0.0878966044142614,0.214,0.8614,0.4066492780600635,0.0307543188636827,0.1369030262167134,0.4425740237691001,0.041857244165259
P1_random_uniform_seed43,/home/fibo1/foo_thesis/Senior_thesis/Emergence_results/normal/P1_random_uniform_seed43/lineage_generations.csv,,P1,random_uniform,43,3001,0.4263,0.4711056236222674,0.468628843436509,0.0024767801857585,0.5215268639023167,0.0073675124754158,0.297,0.6016,0.3994225056176633,0.0299625625504139,0.1350000000000001,0.3737849516754879,0.044004030551138
P1_random_uniform_seed44,/home/fibo1/foo_thesis/Senior_thesis/Emergence_results/normal/P1_random_uniform_seed44/lineage_generations.csv,,P1,random_uniform,44,3001,0.34175,0.5068082954829206,0.4819093226364032,0.0248989728465174,0.4440539515196304,0.0491377529974489,0.3193,0.5148,0.4896773255489178,0.0384379392942696,0.1650000000000001,0.4197816637494899,0.0450226383959665
P1_random_uniform_seed45,/home/fibo1/foo_thesis/Senior_thesis/Emergence_results/normal/P1_random_uniform_seed45/lineage_generations.csv,,P1,random_uniform,45,3001,0.57155,0.1776,0.1775,0.0001,0.8171000000000002,0.0053,0.1831,1.0,0.3310222746989283,0.0159796179499623,0.1124830092575977,0.3608,0.0403655540966772
P1_random_uniform_seed46,/home/fibo1/foo_thesis/Senior_thesis/Emergence_results/normal/P1_random_uniform_seed46/lineage_generations.csv,,P1,random_uniform,46,3001,0.5605,0.1064,0.1016,0.0048,0.8305,0.0631,0.2009999999999999,1.0,0.3365206768670759,0.0179499809509418,0.1364703958232208,0.3636,0.0398209653262986
P1_random_uniform_seed47,/home/fibo1/foo_thesis/Senior_thesis/Emergence_results/normal/P1_random_uniform_seed47/lineage_generations.csv,,P1,random_uniform,47,3001,0.55635,0.271205342462718,0.2658849342994527,0.0053204081632653,0.7045756342928051,0.0242190232444769,0.259,0.8600999999999999,0.3570309874078623,0.0233640868428292,0.1449692000000007,0.3882927740477299,0.041616699439332
P1_random_uniform_seed48,/home/fibo1/foo_thesis/Senior_thesis/Emergence_results/normal/P1_random_uniform_seed48/lineage_generations.csv,,P1,random_uniform,48,3001,0.5995,0.1977,0.1851,0.0126,0.799,0.0033,0.199,1.0,0.3364410978850158,0.0165275288019201,0.132552294276811,0.3742,0.0403845037196557
P1_random_uniform_seed49,/home/fibo1/foo_thesis/Senior_thesis/Emergence_results/normal/P1_random_uniform_seed49/lineage_generations.csv,,P1,random_uniform,49,3001,0.32015,0.2030546940128836,0.1219950123152709,0.0810596816976127,0.6923781025009473,0.104567203486169,0.2336999999999999,0.6736,0.3267212230599573,0.0358254724519995,0.1496026561824503,0.4437763152077806,0.0435924589708895
P1_random_uniform_seed50,/home/fibo1/foo_thesis/Senior_thesis/Emergence_results/normal/P1_random_uniform_seed50/lineage_generations.csv,,P1,random_uniform,50,3001,0.4015999999999999,0.2097661432160804,0.2057432265494137,0.0040229166666666,0.7347128978224455,0.055520958961474,0.269,0.8782,0.4362014699031761,0.0254209804681378,0.1598228347733348,0.3892521147403685,0.0417587358260256
P1_random_uniform_seed51,/home/fibo1/foo_thesis/Senior_thesis/Emergence_results/normal/P1_random_uniform_seed51/lineage_generations.csv,,P1,random_uniform,51,3001,0.4285,0.1822718499655154,0.1798718499655154,0.0024,0.7540799193591172,0.0636482306753674,0.2618,0.8777999999999999,0.3842493541871204,0.0251313408514141,0.1524544848544756,0.3954989760730013,0.0415073727826882
P2_anti_maternal_seed42,/home/fibo1/foo_thesis/Senior_thesis/Emergence_results/normal/P2_anti_maternal_seed42/lineage_generations.csv,,P2,anti_maternal,42,3001,0.38925,0.4833318969214311,0.4387337082661934,0.0445981886552376,0.50205692387032,0.014611179208249,0.2974,0.5883,0.4130029342446543,0.0138010352905497,0.06,0.3277881413803152,0.0199999999999999
P2_anti_maternal_seed43,/home/fibo1/foo_thesis/Senior_thesis/Emergence_results/normal/P2_anti_maternal_seed43/lineage_generations.csv,,P2,anti_maternal,43,3001,0.4942500000000001,0.3164782533236141,0.3164782533236141,0.0,0.6803850463396856,0.0031367003367003,0.2289,0.8588000000000001,0.2797030165240778,0.0061417381331241,0.052,0.1696778541428026,0.0199999999999999
P2_anti_maternal_seed44,/home/fibo1/foo_thesis/Senior_thesis/Emergence_results/normal/P2_anti_maternal_seed44/lineage_generations.csv,,P2,anti_maternal,44,3001,0.5267000000000001,0.3045496201052016,0.3045496201052016,0.0,0.6924503798947984,0.003,0.2413,0.8585,0.3588045922644126,0.0077155004110865,0.052,0.2208098188194038,0.0199999999999999
P2_anti_maternal_seed45,/home/fibo1/foo_thesis/Senior_thesis/Emergence_results/normal/P2_anti_maternal_seed45/lineage_generations.csv,,P2,anti_maternal,45,3001,0.5184,0.2297010989010988,0.1646875457875458,0.0650135531135531,0.7334201465201465,0.0368787545787545,0.2294,0.8597999999999999,0.3495901751005481,0.0072527455519083,0.052,0.1951564102564102,0.0199999999999999
P2_anti_maternal_seed46,/home/fibo1/foo_thesis/Senior_thesis/Emergence_results/normal/P2_anti_maternal_seed46/lineage_generations.csv,,P2,anti_maternal,46,3001,0.5425,0.1384,0.1384,0.0,0.8333,0.0283,0.165,1.0,0.236359128179164,0.0031203095381499,0.04,0.0912999999999999,0.0199999999999999
P2_anti_maternal_seed47,/home/fibo1/foo_thesis/Senior_thesis/Emergence_results/normal/P2_anti_maternal_seed47/lineage_generations.csv,,P2,anti_maternal,47,3001,0.39915,0.2098130975018951,0.2098130975018951,0.0,0.7062276199500994,0.0839592825480054,0.1927,0.7944,0.2342812374532041,0.0071936276880372,0.052,0.1869015390882455,0.0199999999999999
P2_anti_maternal_seed48,/home/fibo1/foo_thesis/Senior_thesis/Emergence_results/normal/P2_anti_maternal_seed48/lineage_generations.csv,,P2,anti_maternal,48,3001,0.5995,0.1984,0.1984,0.0,0.8016,0.0,0.199,1.0,0.2787278533864197,0.003712734240637,0.044,0.1159999999999999,0.0199999999999999
P2_anti_maternal_seed49,/home/fibo1/foo_thesis/Senior_thesis/Emergence_results/normal/P2_anti_maternal_seed49/lineage_generations.csv,,P2,anti_maternal,49,3001,0.4883499999999999,0.1407,0.0945999999999999,0.0460999999999999,0.8318999999999999,0.0274,0.2166999999999999,1.0,0.3037302515072331,0.0045207630180867,0.054,0.1210999999999999,0.0199999999999999
P2_anti_maternal_seed50,/home/fibo1/foo_thesis/Senior_thesis/Emergence_results/normal/P2_anti_maternal_seed50/lineage_generations.csv,,P2,anti_maternal,50,3001,0.5995,0.199,0.1740999999999999,0.0249,0.7792,0.0217999999999999,0.199,1.0,0.2678353097939921,0.0036380237175279,0.048,0.1076,0.0199999999999999
P2_anti_maternal_seed51,/home/fibo1/foo_thesis/Senior_thesis/Emergence_results/normal/P2_anti_maternal_seed51/lineage_generations.csv,,P2,anti_maternal,51,3001,0.5892499999999999,0.2394772151898734,0.2373772151898734,0.0021,0.7583506329113925,0.0021721518987341,0.2389999999999999,0.9395,0.3347986637739685,0.0058109823700356,0.052,0.1537443037974683,0.0199999999999999
P2_pro_maternal_seed42,/home/fibo1/foo_thesis/Senior_thesis/Emergence_results/normal/P2_pro_maternal_seed42/lineage_generations.csv,,P2,pro_maternal,42,3001,0.4206999999999999,0.1846543449018025,0.1719876782351358,0.0126666666666666,0.7772414850686037,0.0381041700295937,0.2683,0.8773,0.3280764922975782,0.0071836263151327,0.058,0.1773742265267689,0.0199999999999999
P2_pro_maternal_seed43,/home/fibo1/foo_thesis/Senior_thesis/Emergence_results/normal/P2_pro_maternal_seed43/lineage_generations.csv,,P2,pro_maternal,43,3001,0.4317,0.1750125,0.1650499999999999,0.0099625,0.785175,0.0398125,0.2513999999999999,0.932,0.3190706258110878,0.0061059308092212,0.058,0.1583,0.0199999999999999
P2_pro_maternal_seed44,/home/fibo1/foo_thesis/Senior_thesis/Emergence_results/normal/P2_pro_maternal_seed44/lineage_generations.csv,,P2,pro_maternal,44,3001,0.4482499999999999,0.1909535277484413,0.1909535277484413,0.0,0.7731107144073859,0.0359357578441726,0.2673,0.8692,0.330676222034,0.0073042890588587,0.056,0.1831134637004735,0.0199999999999999
P2_pro_maternal_seed45,/home/fibo1/foo_thesis/Senior_thesis/Emergence_results/normal/P2_pro_maternal_seed45/lineage_generations.csv,,P2,pro_maternal,45,3001,0.39325,0.3652878171889315,0.3475368133001419,0.0177510038887896,0.6205673120371207,0.0141448707739478,0.3371,0.6192,0.4181236612577866,0.0129491505875478,0.06,0.3138484745371261,0.0199999999999999
P2_pro_maternal_seed46,/home/fibo1/foo_thesis/Senior_thesis/Emergence_results/normal/P2_pro_maternal_seed46/lineage_generations.csv,,P2,pro_maternal,46,3001,0.3905999999999999,0.2220790898756033,0.2211925796116737,0.0008865102639296,0.6600172356152407,0.117903674509156,0.2521,0.6698999999999999,0.3585188906785905,0.0109645374909555,0.056,0.2921822131231045,0.0199999999999999
P2_pro_maternal_seed47,/home/fibo1/foo_thesis/Senior_thesis/Emergence_results/normal/P2_pro_maternal_seed47/lineage_generations.csv,,P2,pro_maternal,47,3001,0.4769,0.1006045317220543,0.1003045317220543,0.0003,0.7856347432024169,0.1137607250755287,0.1999,0.9331,0.2648326014813431,0.0050572892381248,0.054,0.1308214501510574,0.0199999999999999
P2_pro_maternal_seed48,/home/fibo1/foo_thesis/Senior_thesis/Emergence_results/normal/P2_pro_maternal_seed48/lineage_generations.csv,,P2,pro_maternal,48,3001,0.3802500000000001,0.1036327731092437,0.1035327731092436,0.0001,0.7815963585434174,0.1147708683473389,0.2048,0.8757000000000001,0.2578631130018628,0.0059194369016034,0.054,0.1476162464985994,0.0199999999999999
P2_pro_maternal_seed49,/home/fibo1/foo_thesis/Senior_thesis/Emergence_results/normal/P2_pro_maternal_seed49/lineage_generations.csv,,P2,pro_maternal,49,3001,0.4561,0.2462560906747287,0.2209206868895368,0.0253354037851919,0.7359288675458336,0.0178150417794376,0.3267,0.8125,0.3689962739739326,0.0090031044588385,0.06,0.2263311325042592,0.0199999999999999
P2_pro_maternal_seed50,/home/fibo1/foo_thesis/Senior_thesis/Emergence_results/normal/P2_pro_maternal_seed50/lineage_generations.csv,,P2,pro_maternal,50,3001,0.39835,0.1411769516728624,0.1090936802973977,0.0320832713754646,0.7883118959107807,0.0705111524163568,0.2298,0.9269,0.2983711054262655,0.0057590836747416,0.056,0.1457724907063197,0.02
P2_pro_maternal_seed51,/home/fibo1/foo_thesis/Senior_thesis/Emergence_results/normal/P2_pro_maternal_seed51/lineage_generations.csv,,P2,pro_maternal,51,3001,0.4205499999999999,0.2319608695652174,0.2279608695652174,0.004,0.7414913043478261,0.0265478260869565,0.3182999999999999,0.8827999999999999,0.4183791274101643,0.0087069735301031,0.06,0.1971434782608695,0.0199999999999999
P2_random_uniform_seed42,/home/fibo1/foo_thesis/Senior_thesis/Emergence_results/normal/P2_random_uniform_seed42/lineage_generations.csv,,P2,random_uniform,42,3001,0.3888999999999999,0.1144688621015176,0.0402381381163314,0.0742307239851862,0.8064179652893764,0.0791131726091061,0.1909,0.8668999999999999,0.2073522379289785,0.0052254615964799,0.056,0.1182368455449858,0.0199999999999999
P2_random_uniform_seed43,/home/fibo1/foo_thesis/Senior_thesis/Emergence_results/normal/P2_random_uniform_seed43/lineage_generations.csv,,P2,random_uniform,43,3001,0.4907999999999999,0.3409316167975023,0.3383316167975023,0.0026,0.6465168964288077,0.01255148677369,0.2621,0.8004999999999999,0.3341355929883043,0.0084779715678965,0.054,0.2243698601641857,0.0199999999999999
P2_random_uniform_seed44,/home/fibo1/foo_thesis/Senior_thesis/Emergence_results/normal/P2_random_uniform_seed44/lineage_generations.csv,,P2,random_uniform,44,3001,0.40615,0.1256760115606936,0.1115517341040462,0.0141242774566474,0.8392705202312138,0.0350534682080924,0.2159,0.8666,0.306981561063618,0.0068701838919987,0.056,0.1845458092485549,0.0199999999999999
P2_random_uniform_seed45,/home/fibo1/foo_thesis/Senior_thesis/Emergence_results/normal/P2_random_uniform_seed45/lineage_generations.csv,,P2,random_uniform,45,3001,0.5995,0.1979,0.1979,0.0,0.7993,0.0028,0.199,1.0,0.3209791369128407,0.004263749642954,0.048,0.1314,0.0199999999999999
P2_random_uniform_seed46,/home/fibo1/foo_thesis/Senior_thesis/Emergence_results/normal/P2_random_uniform_seed46/lineage_generations.csv,,P2,random_uniform,46,3001,0.4973499999999999,0.1473489028213166,0.1471489028213166,0.0002,0.7708570532915361,0.0817940438871473,0.202,0.9319,0.2937989033911942,0.00534481005666,0.054,0.1558567398119122,0.0199999999999999
P2_random_uniform_seed47,/home/fibo1/foo_thesis/Senior_thesis/Emergence_results/normal/P2_random_uniform_seed47/lineage_generations.csv,,P2,random_uniform,47,3001,0.4949499999999999,0.3528945716349475,0.3482880142578984,0.0046065573770491,0.6400704368444193,0.0070349915206331,0.2449999999999999,0.7883,0.3134091420894767,0.0080665881269975,0.054,0.2073844215187488,0.0199999999999999
P2_random_uniform_seed48,/home/fibo1/foo_thesis/Senior_thesis/Emergence_results/normal/P2_random_uniform_seed48/lineage_generations.csv,,P2,random_uniform,48,3001,0.5995,0.1982,0.1976,0.0006,0.7979,0.0039,0.199,1.0,0.2648284824889432,0.0035579417898673,0.044,0.1018,0.0199999999999999
P2_random_uniform_seed49,/home/fibo1/foo_thesis/Senior_thesis/Emergence_results/normal/P2_random_uniform_seed49/lineage_generations.csv,,P2,random_uniform,49,3001,0.45745,0.2072588141684834,0.1557561865313203,0.0515026276371631,0.7423115989151681,0.0504295869163483,0.3326,0.7335,0.3274691383390576,0.0094388910525533,0.06,0.2453672820797264,0.0199999999999999
P2_random_uniform_seed50,/home/fibo1/foo_thesis/Senior_thesis/Emergence_results/normal/P2_random_uniform_seed50/lineage_generations.csv,,P2,random_uniform,50,3001,0.57075,0.1543999999999999,0.1543999999999999,0.0,0.8150999999999999,0.0305,0.1815,1.0,0.2215129321881591,0.0029701551862579,0.044,0.0911,0.0199999999999999
P2_random_uniform_seed51,/home/fibo1/foo_thesis/Senior_thesis/Emergence_results/normal/P2_random_uniform_seed51/lineage_generations.csv,,P2,random_uniform,51,3001,0.3848500000000001,0.1890371546800326,0.1890371546800326,0.0,0.7331346835295489,0.0778281617904184,0.2556,0.8741,0.338252141326094,0.0073058649664592,0.058,0.2138606072968877,0.0199999999999999
