tick,m0_energy,m0_fatigue,m0_bonding,m0_fear_threat,m0_stress,m0_closeness_child,m0_OT,m0_CORT,m0_mot_Forage,m0_mot_Care,m0_mot_Self,m0_mot_Protect,m0_sel_Forage,m0_sel_Care,m0_sel_Self,m0_sel_Protect,m0_u_fixed_forage_child_hunger,m0_u_fixed_forage_energy_deficit,m0_u_fixed_forage_low_fear,m0_u_fixed_care_child_warmth,m0_u_fixed_care_closeness_deficit,m0_u_fixed_care_bonding,m0_u_fixed_self_fatigue,m0_u_fixed_self_fear,m0_u_fixed_self_stress,m0_u_fixed_protect_child_injury,m0_u_fixed_protect_fear,m0_u_fixed_protect_closeness_deficit,m0_u_fixed_protect_bonding,m0_u_plastic_forage_child_hunger,m0_u_plastic_forage_energy_deficit,m0_u_plastic_forage_low_fear,m0_u_plastic_care_child_warmth,m0_u_plastic_care_closeness_deficit,m0_u_plastic_care_bonding,m0_u_plastic_self_fatigue,m0_u_plastic_self_fear,m0_u_plastic_self_stress,m0_u_plastic_protect_child_injury,m0_u_plastic_protect_fear,m0_u_plastic_protect_closeness_deficit,m0_u_plastic_protect_bonding,m0_w_fixed_child_need_hunger,m0_w_fixed_child_need_warmth,m0_w_fixed_child_need_injury,m0_w_fixed_ot_closeness_gain,m0_w_fixed_ot_decay,m0_w_fixed_bonding_ot_gain,m0_w_fixed_bonding_child_need_decay,m0_w_fixed_bonding_child_absent_decay,m0_w_fixed_cort_threat_gain,m0_w_fixed_cort_child_need_gain,m0_w_fixed_cort_energy_deficit_gain,m0_w_fixed_cort_decay,m0_w_fixed_stress_cort_gain,m0_w_fixed_stress_fear_gain,m0_w_fixed_stress_child_need_gain,m0_w_fixed_stress_decay,m0_w_fixed_fear_threat_gain,m0_w_fixed_fear_decay,m0_w_plastic_child_need_hunger,m0_w_plastic_child_need_warmth,m0_w_plastic_child_need_injury,m0_w_plastic_ot_closeness_gain,m0_w_plastic_ot_decay,m0_w_plastic_bonding_ot_gain,m0_w_plastic_bonding_child_need_decay,m0_w_plastic_bonding_child_absent_decay,m0_w_plastic_cort_threat_gain,m0_w_plastic_cort_child_need_gain,m0_w_plastic_cort_energy_deficit_gain,m0_w_plastic_cort_decay,m0_w_plastic_stress_cort_gain,m0_w_plastic_stress_fear_gain,m0_w_plastic_stress_child_need_gain,m0_w_plastic_stress_decay,m0_w_plastic_fear_threat_gain,m0_w_plastic_fear_decay,c0_hunger,c0_warmth,c0_injury
1,99.0,2.0,99.55434873118168,18.540577740081613,0.13592448399989268,61.7157287525381,0.0,4.789571583500211,28.222914904056992,45.367626374117854,2.550561019279373,52.28311436955463,0,0,0,1,0.8276311719925821,0.6316643991220648,0.7580877400853738,0.35452596812986836,0.9706980243949033,0.8931211213221977,0.7783834970737619,0.19463870785196757,0.4667210037270342,0.04380376578722878,0.15428949206754783,0.6830489532424546,0.7447621559078171,0.8276311719925821,0.6316643991220648,0.7580877400853738,0.35452596812986836,0.9706980243949033,0.8931211213221977,0.7783834970737619,0.19463870785196757,0.4667210037270342,0.04380376578722878,0.15428949206754783,0.6830489532424546,0.7447621559078171,0.7739560485559633,0.4388784397520523,0.8585979199113825,0.6973680290593639,0.09417734788764953,0.9756223516367559,0.761139701990353,0.7860643052769538,0.12811363267554587,0.45038593789556713,0.37079802423258124,0.9267649888486018,0.6438651200806645,0.82276161327083,0.44341419882733113,0.2272387217847769,0.5545847870158348,0.06381725610417532,0.7739560485559633,0.4388784397520523,0.8585979199113825,0.6973680290593639,0.09417734788764953,0.9756223516367559,0.761139701990353,0.7860643052769538,0.12811363267554587,0.45038593789556713,0.37079802423258124,0.9267649888486018,0.6438651200806645,0.82276161327083,0.44341419882733113,0.2272387217847769,0.5545847870158348,0.06381725610417532,1.0,49.5,0.0
2,98.0,4.0,98.66304619354501,32.649264214724255,9.977891771686815,75.85786437626905,0.0,4.627568398368237,23.772628377907438,51.35687839537727,8.729660386966675,59.1548497751242,0,0,0,1,0.8276311719925821,0.6316643991220648,0.7580877400853738,0.35452596812986836,0.9706980243949033,0.8931211213221977,0.7783834970737619,0.19463870785196757,0.4667210037270342,0.04380376578722878,0.15428949206754783,0.6830489532424546,0.7447621559078171,0.8276311719925821,0.6316643991220648,0.7580877400853738,0.35452596812986836,0.9706980243949033,0.8931211213221977,0.7783834970737619,0.19463870785196757,0.4667210037270342,0.04380376578722878,0.15428949206754783,0.6830489532424546,0.7447621559078171,0.7739560485559633,0.4388784397520523,0.8585979199113825,0.6973680290593639,0.09417734788764953,0.9756223516367559,0.761139701990353,0.7860643052769538,0.12811363267554587,0.45038593789556713,0.37079802423258124,0.9267649888486018,0.6438651200806645,0.82276161327083,0.44341419882733113,0.2272387217847769,0.5545847870158348,0.06381725610417532,0.7739560485559633,0.4388784397520523,0.8585979199113825,0.6973680290593639,0.09417734788764953,0.9756223516367559,0.761139701990353,0.7860643052769538,0.12811363267554587,0.45038593789556713,0.37079802423258124,0.9267649888486018,0.6438651200806645,0.82276161327083,0.44341419882733113,0.2272387217847769,0.5545847870158348,0.06381725610417532,2.0,49.0,0.0
3,97.0,6.0,97.32609238709003,42.6088905638403,23.742098534035577,85.85786437626905,0.0,4.102936579838503,20.7408388694596,55.35420256011206,15.619319691100308,63.68859897548216,0,0,0,1,0.8276311719925821,0.6316643991220648,0.7580877400853738,0.35452596812986836,0.9706980243949033,0.8931211213221977,0.7783834970737619,0.19463870785196757,0.4667210037270342,0.04380376578722878,0.15428949206754783,0.6830489532424546,0.7447621559078171,0.8276311719925821,0.6316643991220648,0.7580877400853738,0.35452596812986836,0.9706980243949033,0.8931211213221977,0.7783834970737619,0.19463870785196757,0.4667210037270342,0.04380376578722878,0.15428949206754783,0.6830489532424546,0.7447621559078171,0.7739560485559633,0.4388784397520523,0.8585979199113825,0.6973680290593639,0.09417734788764953,0.9756223516367559,0.761139701990353,0.7860643052769538,0.12811363267554587,0.45038593789556713,0.37079802423258124,0.9267649888486018,0.6438651200806645,0.82276161327083,0.44341419882733113,0.2272387217847769,0.5545847870158348,0.06381725610417532,0.7739560485559633,0.4388784397520523,0.8585979199113825,0.6973680290593639,0.09417734788764953,0.9756223516367559,0.761139701990353,0.7860643052769538,0.12811363267554587,0.45038593789556713,0.37079802423258124,0.9267649888486018,0.6438651200806645,0.82276161327083,0.44341419882733113,0.2272387217847769,0.5545847870158348,0.06381725610417532,3.0,48.5,0.0
4,96.0,8.0,100.0,48.68423842005208,38.62778722129624,100.0,69.73680290593639,3.5517476492980666,19.037021791251814,62.77883290349542,22.347414227474328,71.43109522755164,0,0,0,1,0.8276311719925821,0.6316643991220648,0.7580877400853738,0.35452596812986836,0.9706980243949033,0.8931211213221977,0.7783834970737619,0.19463870785196757,0.4667210037270342,0.04380376578722878,0.15428949206754783,0.6830489532424546,0.7447621559078171,0.8276311719925821,0.6316643991220648,0.7580877400853738,0.35452596812986836,0.9706980243949033,0.8931211213221977,0.7783834970737619,0.19463870785196757,0.4667210037270342,0.04380376578722878,0.15428949206754783,0.6830489532424546,0.7447621559078171,0.7739560485559633,0.4388784397520523,0.8585979199113825,0.6973680290593639,0.09417734788764953,0.9756223516367559,0.761139701990353,0.7860643052769538,0.12811363267554587,0.45038593789556713,0.37079802423258124,0.9267649888486018,0.6438651200806645,0.82276161327083,0.44341419882733113,0.2272387217847769,0.5545847870158348,0.06381725610417532,0.7739560485559633,0.4388784397520523,0.8585979199113825,0.6973680290593639,0.09417734788764953,0.9756223516367559,0.761139701990353,0.7860643052769538,0.12811363267554587,0.45038593789556713,0.37079802423258124,0.9267649888486018,0.6438651200806645,0.82276161327083,0.44341419882733113,0.2272387217847769,0.5545847870158348,0.06381725610417532,4.0,48.0,0.0
5,95.0,10.0,100.0,51.123191778721235,52.69798513626276,90.0,100.0,2.9986138083633795,18.576429586604156,58.56287289914762,28.31954770671274,67.4614984981771,0,0,0,1,0.8276311719925821,0.6316643991220648,0.7580877400853738,0.35452596812986836,0.9706980243949033,0.8931211213221977,0.7783834970737619,0.19463870785196757,0.4667210037270342,0.04380376578722878,0.15428949206754783,0.6830489532424546,0.7447621559078171,0.8276311719925821,0.6316643991220648,0.7580877400853738,0.35452596812986836,0.9706980243949033,0.8931211213221977,0.7783834970737619,0.19463870785196757,0.4667210037270342,0.04380376578722878,0.15428949206754783,0.6830489532424546,0.7447621559078171,0.7739560485559633,0.4388784397520523,0.8585979199113825,0.6973680290593639,0.09417734788764953,0.9756223516367559,0.761139701990353,0.7860643052769538,0.12811363267554587,0.45038593789556713,0.37079802423258124,0.9267649888486018,0.6438651200806645,0.82276161327083,0.44341419882733113,0.2272387217847769,0.5545847870158348,0.06381725610417532,0.7739560485559633,0.4388784397520523,0.8585979199113825,0.6973680290593639,0.09417734788764953,0.9756223516367559,0.761139701990353,0.7860643052769538,0.12811363267554587,0.45038593789556713,0.37079802423258124,0.9267649888486018,0.6438651200806645,0.82276161327083,0.44341419882733113,0.2272387217847769,0.5545847870158348,0.06381725610417532,5.0,47.5,0.0
6,94.0,12.0,100.0,56.655180293754874,64.57094895112417,80.0,90.58226521123504,4.02644821640979,17.05837834009873,54.346912894799836,33.99755169403634,63.785414002920945,0,0,0,1,0.8276311719925821,0.6316643991220648,0.7580877400853738,0.35452596812986836,0.9706980243949033,0.8931211213221977,0.7783834970737619,0.19463870785196757,0.4667210037270342,0.04380376578722878,0.15428949206754783,0.6830489532424546,0.7447621559078171,0.8276311719925821,0.6316643991220648,0.7580877400853738,0.35452596812986836,0.9706980243949033,0.8931211213221977,0.7783834970737619,0.19463870785196757,0.4667210037270342,0.04380376578722878,0.15428949206754783,0.6830489532424546,0.7447621559078171,0.7739560485559633,0.4388784397520523,0.8585979199113825,0.6973680290593639,0.09417734788764953,0.9756223516367559,0.761139701990353,0.7860643052769538,0.12811363267554587,0.45038593789556713,0.37079802423258124,0.9267649888486018,0.6438651200806645,0.82276161327083,0.44341419882733113,0.2272387217847769,0.5545847870158348,0.06381725610417532,0.7739560485559633,0.4388784397520523,0.8585979199113825,0.6973680290593639,0.09417734788764953,0.9756223516367559,0.761139701990353,0.7860643052769538,0.12811363267554587,0.45038593789556713,0.37079802423258124,0.9267649888486018,0.6438651200806645,0.82276161327083,0.44341419882733113,0.2272387217847769,0.5545847870158348,0.06381725610417532,6.0,47.0,0.0
7,93.0,14.0,100.0,65.08281494844007,76.61125520684635,90.0,100.0,5.1700648518003405,14.550352186229459,58.882503930331104,40.12126506281517,68.78619090445784,0,0,0,1,0.8276311719925821,0.6316643991220648,0.7580877400853738,0.35452596812986836,0.9706980243949033,0.8931211213221977,0.7783834970737619,0.19463870785196757,0.4667210037270342,0.04380376578722878,0.15428949206754783,0.6830489532424546,0.7447621559078171,0.8276311719925821,0.6316643991220648,0.7580877400853738,0.35452596812986836,0.9706980243949033,0.8931211213221977,0.7783834970737619,0.19463870785196757,0.4667210037270342,0.04380376578722878,0.15428949206754783,0.6830489532424546,0.7447621559078171,0.7739560485559633,0.4388784397520523,0.8585979199113825,0.6973680290593639,0.09417734788764953,0.9756223516367559,0.761139701990353,0.7860643052769538,0.12811363267554587,0.45038593789556713,0.37079802423258124,0.9267649888486018,0.6438651200806645,0.82276161327083,0.44341419882733113,0.2272387217847769,0.5545847870158348,0.06381725610417532,0.7739560485559633,0.4388784397520523,0.8585979199113825,0.6973680290593639,0.09417734788764953,0.9756223516367559,0.761139701990353,0.7860643052769538,0.12811363267554587,0.45038593789556713,0.37079802423258124,0.9267649888486018,0.6438651200806645,0.82276161327083,0.44341419882733113,0.2272387217847769,0.5545847870158348,0.06381725610417532,7.0,46.5,0.0
8,92.0,16.0,100.0,76.22130355149562,90.06722380434782,80.0,90.58226521123504,6.322160799901569,11.115528607196282,54.66654392598332,47.0703731628475,65.64213281149924,0,0,0,1,0.8276311719925821,0.6316643991220648,0.7580877400853738,0.35452596812986836,0.9706980243949033,0.8931211213221977,0.7783834970737619,0.19463870785196757,0.4667210037270342,0.04380376578722878,0.15428949206754783,0.6830489532424546,0.7447621559078171,0.8276311719925821,0.6316643991220648,0.7580877400853738,0.35452596812986836,0.9706980243949033,0.8931211213221977,0.7783834970737619,0.19463870785196757,0.4667210037270342,0.04380376578722878,0.15428949206754783,0.6830489532424546,0.7447621559078171,0.7739560485559633,0.4388784397520523,0.8585979199113825,0.6973680290593639,0.09417734788764953,0.9756223516367559,0.761139701990353,0.7860643052769538,0.12811363267554587,0.45038593789556713,0.37079802423258124,0.9267649888486018,0.6438651200806645,0.82276161327083,0.44341419882733113,0.2272387217847769,0.5545847870158348,0.06381725610417532,0.7739560485559633,0.4388784397520523,0.8585979199113825,0.6973680290593639,0.09417734788764953,0.9756223516367559,0.761139701990353,0.7860643052769538,0.12811363267554587,0.45038593789556713,0.37079802423258124,0.9267649888486018,0.6438651200806645,0.82276161327083,0.44341419882733113,0.2272387217847769,0.5545847870158348,0.06381725610417532,8.0,46.0,0.0
9,91.0,18.0,100.0,83.40028190727571,100,90.0,100.0,5.893767046048211,9.034397986904402,59.20213496151458,52.342083628456734,70.52441901331564,0,0,0,1,0.8276311719925821,0.6316643991220648,0.7580877400853738,0.35452596812986836,0.9706980243949033,0.8931211213221977,0.7783834970737619,0.19463870785196757,0.4667210037270342,0.04380376578722878,0.15428949206754783,0.6830489532424546,0.7447621559078171,0.8276311719925821,0.6316643991220648,0.7580877400853738,0.35452596812986836,0.9706980243949033,0.8931211213221977,0.7783834970737619,0.19463870785196757,0.4667210037270342,0.04380376578722878,0.15428949206754783,0.6830489532424546,0.7447621559078171,0.7739560485559633,0.4388784397520523,0.8585979199113825,0.6973680290593639,0.09417734788764953,0.9756223516367559,0.761139701990353,0.7860643052769538,0.12811363267554587,0.45038593789556713,0.37079802423258124,0.9267649888486018,0.6438651200806645,0.82276161327083,0.44341419882733113,0.2272387217847769,0.5545847870158348,0.06381725610417532,0.7739560485559633,0.4388784397520523,0.8585979199113825,0.6973680290593639,0.09417734788764953,0.9756223516367559,0.761139701990353,0.7860643052769538,0.12811363267554587,0.45038593789556713,0.37079802423258124,0.9267649888486018,0.6438651200806645,0.82276161327083,0.44341419882733113,0.2272387217847769,0.5545847870158348,0.06381725610417532,9.0,45.5,0.0
10,90.0,20.0,100.0,95.66696543291701,100,80.0,90.58226521123504,7.489743839176762,5.213862684093545,54.986174957166796,55.08169608260977,67.48742048984427,0,0,0,1,0.8276311719925821,0.6316643991220648,0.7580877400853738,0.35452596812986836,0.9706980243949033,0.8931211213221977,0.7783834970737619,0.19463870785196757,0.4667210037270342,0.04380376578722878,0.15428949206754783,0.6830489532424546,0.7447621559078171,0.8276311719925821,0.6316643991220648,0.7580877400853738,0.35452596812986836,0.9706980243949033,0.8931211213221977,0.7783834970737619,0.19463870785196757,0.4667210037270342,0.04380376578722878,0.15428949206754783,0.6830489532424546,0.7447621559078171,0.7739560485559633,0.4388784397520523,0.8585979199113825,0.6973680290593639,0.09417734788764953,0.9756223516367559,0.761139701990353,0.7860643052769538,0.12811363267554587,0.45038593789556713,0.37079802423258124,0.9267649888486018,0.6438651200806645,0.82276161327083,0.44341419882733113,0.2272387217847769,0.5545847870158348,0.06381725610417532,0.7739560485559633,0.4388784397520523,0.8585979199113825,0.6973680290593639,0.09417734788764953,0.9756223516367559,0.761139701990353,0.7860643052769538,0.12811363267554587,0.45038593789556713,0.37079802423258124,0.9267649888486018,0.6438651200806645,0.82276161327083,0.44341419882733113,0.2272387217847769,0.5545847870158348,0.06381725610417532,10.0,45.0,0.0
11,89.0,22.0,100.0,100.0,100,90.0,100.0,9.233975431888094,4.105714535657554,59.52176599269805,56.74875950679387,72.09964208606537,0,0,0,1,0.8276311719925821,0.6316643991220648,0.7580877400853738,0.35452596812986836,0.9706980243949033,0.8931211213221977,0.7783834970737619,0.19463870785196757,0.4667210037270342,0.04380376578722878,0.15428949206754783,0.6830489532424546,0.7447621559078171,0.8276311719925821,0.6316643991220648,0.7580877400853738,0.35452596812986836,0.9706980243949033,0.8931211213221977,0.7783834970737619,0.19463870785196757,0.4667210037270342,0.04380376578722878,0.15428949206754783,0.6830489532424546,0.7447621559078171,0.7739560485559633,0.4388784397520523,0.8585979199113825,0.6973680290593639,0.09417734788764953,0.9756223516367559,0.761139701990353,0.7860643052769538,0.12811363267554587,0.45038593789556713,0.37079802423258124,0.9267649888486018,0.6438651200806645,0.82276161327083,0.44341419882733113,0.2272387217847769,0.5545847870158348,0.06381725610417532,0.7739560485559633,0.4388784397520523,0.8585979199113825,0.6973680290593639,0.09417734788764953,0.9756223516367559,0.761139701990353,0.7860643052769538,0.12811363267554587,0.45038593789556713,0.37079802423258124,0.9267649888486018,0.6438651200806645,0.82276161327083,0.44341419882733113,0.2272387217847769,0.5545847870158348,0.06381725610417532,11.0,44.5,0.0
12,88.0,24.0,100.0,100.0,100,80.0,90.58226521123504,10.98906446650012,4.478961311626422,55.305805988350265,57.83004051912401,67.89860193202087,0,0,0,1,0.8276311719925821,0.6316643991220648,0.7580877400853738,0.35452596812986836,0.9706980243949033,0.8931211213221977,0.7783834970737619,0.19463870785196757,0.4667210037270342,0.04380376578722878,0.15428949206754783,0.6830489532424546,0.7447621559078171,0.8276311719925821,0.6316643991220648,0.7580877400853738,0.35452596812986836,0.9706980243949033,0.8931211213221977,0.7783834970737619,0.19463870785196757,0.4667210037270342,0.04380376578722878,0.15428949206754783,0.6830489532424546,0.7447621559078171,0.7739560485559633,0.4388784397520523,0.8585979199113825,0.6973680290593639,0.09417734788764953,0.9756223516367559,0.761139701990353,0.7860643052769538,0.12811363267554587,0.45038593789556713,0.37079802423258124,0.9267649888486018,0.6438651200806645,0.82276161327083,0.44341419882733113,0.2272387217847769,0.5545847870158348,0.06381725610417532,0.7739560485559633,0.4388784397520523,0.8585979199113825,0.6973680290593639,0.09417734788764953,0.9756223516367559,0.761139701990353,0.7860643052769538,0.12811363267554587,0.45038593789556713,0.37079802423258124,0.9267649888486018,0.6438651200806645,0.82276161327083,0.44341419882733113,0.2272387217847769,0.5545847870158348,0.06381725610417532,12.0,44.0,0.0
13,87.0,26.0,100.0,100.0,100,90.0,100.0,13.303955689404527,4.852208087595291,59.84139702388154,58.91132153145417,72.09964208606537,0,0,0,1,0.8276311719925821,0.6316643991220648,0.7580877400853738,0.35452596812986836,0.9706980243949033,0.8931211213221977,0.7783834970737619,0.19463870785196757,0.4667210037270342,0.04380376578722878,0.15428949206754783,0.6830489532424546,0.7447621559078171,0.8276311719925821,0.6316643991220648,0.7580877400853738,0.35452596812986836,0.9706980243949033,0.8931211213221977,0.7783834970737619,0.19463870785196757,0.4667210037270342,0.04380376578722878,0.15428949206754783,0.6830489532424546,0.7447621559078171,0.7739560485559633,0.4388784397520523,0.8585979199113825,0.6973680290593639,0.09417734788764953,0.9756223516367559,0.761139701990353,0.7860643052769538,0.12811363267554587,0.45038593789556713,0.37079802423258124,0.9267649888486018,0.6438651200806645,0.82276161327083,0.44341419882733113,0.2272387217847769,0.5545847870158348,0.06381725610417532,0.7739560485559633,0.4388784397520523,0.8585979199113825,0.6973680290593639,0.09417734788764953,0.9756223516367559,0.761139701990353,0.7860643052769538,0.12811363267554587,0.45038593789556713,0.37079802423258124,0.9267649888486018,0.6438651200806645,0.82276161327083,0.44341419882733113,0.2272387217847769,0.5545847870158348,0.06381725610417532,13.0,43.5,0.0
14,86.0,28.0,100.0,100.0,100,80.0,90.58226521123504,15.100836988397397,5.225454863564161,55.62543701953374,59.99260254378432,67.89860193202087,0,0,0,1,0.8276311719925821,0.6316643991220648,0.7580877400853738,0.35452596812986836,0.9706980243949033,0.8931211213221977,0.7783834970737619,0.19463870785196757,0.4667210037270342,0.04380376578722878,0.15428949206754783,0.6830489532424546,0.7447621559078171,0.8276311719925821,0.6316643991220648,0.7580877400853738,0.35452596812986836,0.9706980243949033,0.8931211213221977,0.7783834970737619,0.19463870785196757,0.4667210037270342,0.04380376578722878,0.15428949206754783,0.6830489532424546,0.7447621559078171,0.7739560485559633,0.4388784397520523,0.8585979199113825,0.6973680290593639,0.09417734788764953,0.9756223516367559,0.761139701990353,0.7860643052769538,0.12811363267554587,0.45038593789556713,0.37079802423258124,0.9267649888486018,0.6438651200806645,0.82276161327083,0.44341419882733113,0.2272387217847769,0.5545847870158348,0.06381725610417532,0.7739560485559633,0.4388784397520523,0.8585979199113825,0.6973680290593639,0.09417734788764953,0.9756223516367559,0.761139701990353,0.7860643052769538,0.12811363267554587,0.45038593789556713,0.37079802423258124,0.9267649888486018,0.6438651200806645,0.82276161327083,0.44341419882733113,0.2272387217847769,0.5545847870158348,0.06381725610417532,14.0,43.0,0.0
15,85.0,30.0,100.0,100.0,100,90.0,100.0,15.5102194391646,5.598701639533028,60.16102805506501,61.07388355611448,72.09964208606537,0,0,0,1,0.8276311719925821,0.6316643991220648,0.7580877400853738,0.35452596812986836,0.9706980243949033,0.8931211213221977,0.7783834970737619,0.19463870785196757,0.4667210037270342,0.04380376578722878,0.15428949206754783,0.6830489532424546,0.7447621559078171,0.8276311719925821,0.6316643991220648,0.7580877400853738,0.35452596812986836,0.9706980243949033,0.8931211213221977,0.7783834970737619,0.19463870785196757,0.4667210037270342,0.04380376578722878,0.15428949206754783,0.6830489532424546,0.7447621559078171,0.7739560485559633,0.4388784397520523,0.8585979199113825,0.6973680290593639,0.09417734788764953,0.9756223516367559,0.761139701990353,0.7860643052769538,0.12811363267554587,0.45038593789556713,0.37079802423258124,0.9267649888486018,0.6438651200806645,0.82276161327083,0.44341419882733113,0.2272387217847769,0.5545847870158348,0.06381725610417532,0.7739560485559633,0.4388784397520523,0.8585979199113825,0.6973680290593639,0.09417734788764953,0.9756223516367559,0.761139701990353,0.7860643052769538,0.12811363267554587,0.45038593789556713,0.37079802423258124,0.9267649888486018,0.6438651200806645,0.82276161327083,0.44341419882733113,0.2272387217847769,0.5545847870158348,0.06381725610417532,15.0,42.5,0.0
16,84.0,32.0,100.0,100.0,100,85.85786437626905,90.58226521123504,15.02743305405169,5.971948415501896,58.50833800439762,62.15516456844462,70.35951427818618,0,0,0,1,0.8276311719925821,0.6316643991220648,0.7580877400853738,0.35452596812986836,0.9706980243949033,0.8931211213221977,0.7783834970737619,0.19463870785196757,0.4667210037270342,0.04380376578722878,0.15428949206754783,0.6830489532424546,0.7447621559078171,0.8276311719925821,0.6316643991220648,0.7580877400853738,0.35452596812986836,0.9706980243949033,0.8931211213221977,0.7783834970737619,0.19463870785196757,0.4667210037270342,0.04380376578722878,0.15428949206754783,0.6830489532424546,0.7447621559078171,0.7739560485559633,0.4388784397520523,0.8585979199113825,0.6973680290593639,0.09417734788764953,0.9756223516367559,0.761139701990353,0.7860643052769538,0.12811363267554587,0.45038593789556713,0.37079802423258124,0.9267649888486018,0.6438651200806645,0.82276161327083,0.44341419882733113,0.2272387217847769,0.5545847870158348,0.06381725610417532,0.7739560485559633,0.4388784397520523,0.8585979199113825,0.6973680290593639,0.09417734788764953,0.9756223516367559,0.761139701990353,0.7860643052769538,0.12811363267554587,0.45038593789556713,0.37079802423258124,0.9267649888486018,0.6438651200806645,0.82276161327083,0.44341419882733113,0.2272387217847769,0.5545847870158348,0.06381725610417532,16.0,42.0,0.0
17,83.0,34.0,100.0,100.0,100,100.0,100.0,13.92030163088046,6.345195191470766,64.85643460618802,63.236445580774785,76.30068224010991,0,0,0,1,0.8276311719925821,0.6316643991220648,0.7580877400853738,0.35452596812986836,0.9706980243949033,0.8931211213221977,0.7783834970737619,0.19463870785196757,0.4667210037270342,0.04380376578722878,0.15428949206754783,0.6830489532424546,0.7447621559078171,0.8276311719925821,0.6316643991220648,0.7580877400853738,0.35452596812986836,0.9706980243949033,0.8931211213221977,0.7783834970737619,0.19463870785196757,0.4667210037270342,0.04380376578722878,0.15428949206754783,0.6830489532424546,0.7447621559078171,0.7739560485559633,0.4388784397520523,0.8585979199113825,0.6973680290593639,0.09417734788764953,0.9756223516367559,0.761139701990353,0.7860643052769538,0.12811363267554587,0.45038593789556713,0.37079802423258124,0.9267649888486018,0.6438651200806645,0.82276161327083,0.44341419882733113,0.2272387217847769,0.5545847870158348,0.06381725610417532,0.7739560485559633,0.4388784397520523,0.8585979199113825,0.6973680290593639,0.09417734788764953,0.9756223516367559,0.761139701990353,0.7860643052769538,0.12811363267554587,0.45038593789556713,0.37079802423258124,0.9267649888486018,0.6438651200806645,0.82276161327083,0.44341419882733113,0.2272387217847769,0.5545847870158348,0.06381725610417532,17.0,41.5,0.0
18,82.0,36.0,100.0,100.0,100,90.0,100.0,12.767446291884708,6.718441967439633,60.64047460184024,64.31772659310494,72.09964208606537,0,0,0,1,0.8276311719925821,0.6316643991220648,0.7580877400853738,0.35452596812986836,0.9706980243949033,0.8931211213221977,0.7783834970737619,0.19463870785196757,0.4667210037270342,0.04380376578722878,0.15428949206754783,0.6830489532424546,0.7447621559078171,0.8276311719925821,0.6316643991220648,0.7580877400853738,0.35452596812986836,0.9706980243949033,0.8931211213221977,0.7783834970737619,0.19463870785196757,0.4667210037270342,0.04380376578722878,0.15428949206754783,0.6830489532424546,0.7447621559078171,0.7739560485559633,0.4388784397520523,0.8585979199113825,0.6973680290593639,0.09417734788764953,0.9756223516367559,0.761139701990353,0.7860643052769538,0.12811363267554587,0.45038593789556713,0.37079802423258124,0.9267649888486018,0.6438651200806645,0.82276161327083,0.44341419882733113,0.2272387217847769,0.5545847870158348,0.06381725610417532,0.7739560485559633,0.4388784397520523,0.8585979199113825,0.6973680290593639,0.09417734788764953,0.9756223516367559,0.761139701990353,0.7860643052769538,0.12811363267554587,0.45038593789556713,0.37079802423258124,0.9267649888486018,0.6438651200806645,0.82276161327083,0.44341419882733113,0.2272387217847769,0.5545847870158348,0.06381725610417532,18.0,41.0,0.0
19,81.0,38.0,100.0,100.0,100,80.0,90.58226521123504,11.611242361403665,7.091688743408501,56.42451459749244,65.39900760543509,67.89860193202087,0,0,0,1,0.8276311719925821,0.6316643991220648,0.7580877400853738,0.35452596812986836,0.9706980243949033,0.8931211213221977,0.7783834970737619,0.19463870785196757,0.4667210037270342,0.04380376578722878,0.15428949206754783,0.6830489532424546,0.7447621559078171,0.8276311719925821,0.6316643991220648,0.7580877400853738,0.35452596812986836,0.9706980243949033,0.8931211213221977,0.7783834970737619,0.19463870785196757,0.4667210037270342,0.04380376578722878,0.15428949206754783,0.6830489532424546,0.7447621559078171,0.7739560485559633,0.4388784397520523,0.8585979199113825,0.6973680290593639,0.09417734788764953,0.9756223516367559,0.761139701990353,0.7860643052769538,0.12811363267554587,0.45038593789556713,0.37079802423258124,0.9267649888486018,0.6438651200806645,0.82276161327083,0.44341419882733113,0.2272387217847769,0.5545847870158348,0.06381725610417532,0.7739560485559633,0.4388784397520523,0.8585979199113825,0.6973680290593639,0.09417734788764953,0.9756223516367559,0.761139701990353,0.7860643052769538,0.12811363267554587,0.45038593789556713,0.37079802423258124,0.9267649888486018,0.6438651200806645,0.82276161327083,0.44341419882733113,0.2272387217847769,0.5545847870158348,0.06381725610417532,19.0,40.5,0.0
20,80.0,40.0,100.0,100.0,100,90.0,100.0,11.245348539045603,7.464935519377372,60.960105633023716,66.48028861776524,72.09964208606537,0,0,0,1,0.8276311719925821,0.6316643991220648,0.7580877400853738,0.35452596812986836,0.9706980243949033,0.8931211213221977,0.7783834970737619,0.19463870785196757,0.4667210037270342,0.04380376578722878,0.15428949206754783,0.6830489532424546,0.7447621559078171,0.8276311719925821,0.6316643991220648,0.7580877400853738,0.35452596812986836,0.9706980243949033,0.8931211213221977,0.7783834970737619,0.19463870785196757,0.4667210037270342,0.04380376578722878,0.15428949206754783,0.6830489532424546,0.7447621559078171,0.7739560485559633,0.4388784397520523,0.8585979199113825,0.6973680290593639,0.09417734788764953,0.9756223516367559,0.761139701990353,0.7860643052769538,0.12811363267554587,0.45038593789556713,0.37079802423258124,0.9267649888486018,0.6438651200806645,0.82276161327083,0.44341419882733113,0.2272387217847769,0.5545847870158348,0.06381725610417532,0.7739560485559633,0.4388784397520523,0.8585979199113825,0.6973680290593639,0.09417734788764953,0.9756223516367559,0.761139701990353,0.7860643052769538,0.12811363267554587,0.45038593789556713,0.37079802423258124,0.9267649888486018,0.6438651200806645,0.82276161327083,0.44341419882733113,0.2272387217847769,0.5545847870158348,0.06381725610417532,20.0,40.0,0.0
21,79.0,42.0,100.0,100.0,100,80.0,90.58226521123504,10.937333086268996,7.838182295346239,56.744145628675916,67.56156963009539,67.89860193202087,0,0,0,1,0.8276311719925821,0.6316643991220648,0.7580877400853738,0.35452596812986836,0.9706980243949033,0.8931211213221977,0.7783834970737619,0.19463870785196757,0.4667210037270342,0.04380376578722878,0.15428949206754783,0.6830489532424546,0.7447621559078171,0.8276311719925821,0.6316643991220648,0.7580877400853738,0.35452596812986836,0.9706980243949033,0.8931211213221977,0.7783834970737619,0.19463870785196757,0.4667210037270342,0.04380376578722878,0.15428949206754783,0.6830489532424546,0.7447621559078171,0.7739560485559633,0.4388784397520523,0.8585979199113825,0.6973680290593639,0.09417734788764953,0.9756223516367559,0.761139701990353,0.7860643052769538,0.12811363267554587,0.45038593789556713,0.37079802423258124,0.9267649888486018,0.6438651200806645,0.82276161327083,0.44341419882733113,0.2272387217847769,0.5545847870158348,0.06381725610417532,0.7739560485559633,0.4388784397520523,0.8585979199113825,0.6973680290593639,0.09417734788764953,0.9756223516367559,0.761139701990353,0.7860643052769538,0.12811363267554587,0.45038593789556713,0.37079802423258124,0.9267649888486018,0.6438651200806645,0.82276161327083,0.44341419882733113,0.2272387217847769,0.5545847870158348,0.06381725610417532,21.0,39.5,0.0
22,78.0,44.0,100.0,100.0,100,90.0,100.0,11.024158867550964,8.496298356626097,61.27973666420719,68.64285064242556,72.09964208606537,0,0,0,1,0.8276311719925821,0.6316643991220648,0.7580877400853738,0.35452596812986836,0.9706980243949033,0.8931211213221977,0.7783834970737619,0.19463870785196757,0.4667210037270342,0.04380376578722878,0.15428949206754783,0.6830489532424546,0.7447621559078171,0.8276311719925821,0.6316643991220648,0.7580877400853738,0.35452596812986836,0.9706980243949033,0.8931211213221977,0.7783834970737619,0.19463870785196757,0.4667210037270342,0.04380376578722878,0.15428949206754783,0.6830489532424546,0.7447621559078171,0.7739560485559633,0.4388784397520523,0.8585979199113825,0.6973680290593639,0.09417734788764953,0.9756223516367559,0.761139701990353,0.7860643052769538,0.12811363267554587,0.45038593789556713,0.37079802423258124,0.9267649888486018,0.6438651200806645,0.82276161327083,0.44341419882733113,0.2272387217847769,0.5545847870158348,0.06381725610417532,0.7739560485559633,0.4388784397520523,0.8585979199113825,0.6973680290593639,0.09417734788764953,0.9756223516367559,0.761139701990353,0.7860643052769538,0.12811363267554587,0.45038593789556713,0.37079802423258124,0.9267649888486018,0.6438651200806645,0.82276161327083,0.44341419882733113,0.2272387217847769,0.5545847870158348,0.06381725610417532,22.0,39.0,0.0
23,77.9,44.1,100.0,100.0,100,75.85786437626905,90.58226521123504,11.139900851012241,9.154414417905954,55.251271093600266,69.72413165475571,66.15847412414166,0,0,1,0,0.8276311719925821,0.6316643991220648,0.7580877400853738,0.35452596812986836,0.9706980243949033,0.8931211213221977,0.7783834970737619,0.19463870785196757,0.4667210037270342,0.04380376578722878,0.15428949206754783,0.6830489532424546,0.7447621559078171,0.8276311719925821,0.6316643991220648,0.7580877400853738,0.35452596812986836,0.9706980243949033,0.8931211213221977,0.7783834970737619,0.19463870785196757,0.4667210037270342,0.04380376578722878,0.15428949206754783,0.6830489532424546,0.7447621559078171,0.7739560485559633,0.4388784397520523,0.8585979199113825,0.6973680290593639,0.09417734788764953,0.9756223516367559,0.761139701990353,0.7860643052769538,0.12811363267554587,0.45038593789556713,0.37079802423258124,0.9267649888486018,0.6438651200806645,0.82276161327083,0.44341419882733113,0.2272387217847769,0.5545847870158348,0.06381725610417532,0.7739560485559633,0.4388784397520523,0.8585979199113825,0.6973680290593639,0.09417734788764953,0.9756223516367559,0.761139701990353,0.7860643052769538,0.12811363267554587,0.45038593789556713,0.37079802423258124,0.9267649888486018,0.6438651200806645,0.82276161327083,0.44341419882733113,0.2272387217847769,0.5545847870158348,0.06381725610417532,23.0,38.5,0.0
24,77.80000000000001,44.2,100.0,98.76999098666985,100,75.85786437626905,82.05146770798522,9.556655867275941,9.976668448544507,55.41108660919201,69.61191093767056,66.04175295052504,0,0,1,0,0.8276311719925821,0.6316643991220648,0.7580877400853738,0.35452596812986836,0.9706980243949033,0.8931211213221977,0.7783834970737619,0.19463870785196757,0.4667210037270342,0.04380376578722878,0.15428949206754783,0.6830489532424546,0.7447621559078171,0.8276311719925821,0.6316643991220648,0.7580877400853738,0.35452596812986836,0.9706980243949033,0.8931211213221977,0.7783834970737619,0.19463870785196757,0.4667210037270342,0.04380376578722878,0.15428949206754783,0.6830489532424546,0.7447621559078171,0.7739560485559633,0.4388784397520523,0.8585979199113825,0.6973680290593639,0.09417734788764953,0.9756223516367559,0.761139701990353,0.7860643052769538,0.12811363267554587,0.45038593789556713,0.37079802423258124,0.9267649888486018,0.6438651200806645,0.82276161327083,0.44341419882733113,0.2272387217847769,0.5545847870158348,0.06381725610417532,0.7739560485559633,0.4388784397520523,0.8585979199113825,0.6973680290593639,0.09417734788764953,0.9756223516367559,0.761139701990353,0.7860643052769538,0.12811363267554587,0.45038593789556713,0.37079802423258124,0.9267649888486018,0.6438651200806645,0.82276161327083,0.44341419882733113,0.2272387217847769,0.5545847870158348,0.06381725610417532,24.0,38.0,0.0
25,77.70000000000002,44.300000000000004,100.0,95.3213123708763,100,75.85786437626905,74.32407808895806,9.198547939722316,11.557449981591901,55.57090212478375,69.19974854905774,65.71449208406023,0,0,1,0,0.8276311719925821,0.6316643991220648,0.7580877400853738,0.35452596812986836,0.9706980243949033,0.8931211213221977,0.7783834970737619,0.19463870785196757,0.4667210037270342,0.04380376578722878,0.15428949206754783,0.6830489532424546,0.7447621559078171,0.8276311719925821,0.6316643991220648,0.7580877400853738,0.35452596812986836,0.9706980243949033,0.8931211213221977,0.7783834970737619,0.19463870785196757,0.4667210037270342,0.04380376578722878,0.15428949206754783,0.6830489532424546,0.7447621559078171,0.7739560485559633,0.4388784397520523,0.8585979199113825,0.6973680290593639,0.09417734788764953,0.9756223516367559,0.761139701990353,0.7860643052769538,0.12811363267554587,0.45038593789556713,0.37079802423258124,0.9267649888486018,0.6438651200806645,0.82276161327083,0.44341419882733113,0.2272387217847769,0.5545847870158348,0.06381725610417532,0.7739560485559633,0.4388784397520523,0.8585979199113825,0.6973680290593639,0.09417734788764953,0.9756223516367559,0.761139701990353,0.7860643052769538,0.12811363267554587,0.45038593789556713,0.37079802423258124,0.9267649888486018,0.6438651200806645,0.82276161327083,0.44341419882733113,0.2272387217847769,0.5545847870158348,0.06381725610417532,25.0,37.5,0.0
26,77.60000000000002,44.400000000000006,100.0,89.23816776711799,100,75.85786437626905,67.32443353034543,8.794525085021792,14.038913123028939,55.73071764037548,68.43143302654182,65.13723470648385,0,0,1,0,0.8276311719925821,0.6316643991220648,0.7580877400853738,0.35452596812986836,0.9706980243949033,0.8931211213221977,0.7783834970737619,0.19463870785196757,0.4667210037270342,0.04380376578722878,0.15428949206754783,0.6830489532424546,0.7447621559078171,0.8276311719925821,0.6316643991220648,0.7580877400853738,0.35452596812986836,0.9706980243949033,0.8931211213221977,0.7783834970737619,0.19463870785196757,0.4667210037270342,0.04380376578722878,0.15428949206754783,0.6830489532424546,0.7447621559078171,0.7739560485559633,0.4388784397520523,0.8585979199113825,0.6973680290593639,0.09417734788764953,0.9756223516367559,0.761139701990353,0.7860643052769538,0.12811363267554587,0.45038593789556713,0.37079802423258124,0.9267649888486018,0.6438651200806645,0.82276161327083,0.44341419882733113,0.2272387217847769,0.5545847870158348,0.06381725610417532,0.7739560485559633,0.4388784397520523,0.8585979199113825,0.6973680290593639,0.09417734788764953,0.9756223516367559,0.761139701990353,0.7860643052769538,0.12811363267554587,0.45038593789556713,0.37079802423258124,0.9267649888486018,0.6438651200806645,0.82276161327083,0.44341419882733113,0.2272387217847769,0.5545847870158348,0.06381725610417532,26.0,37.0,0.0
27,77.50000000000003,44.50000000000001,100.0,83.54323276045645,100,75.85786437626905,60.98399693241915,9.081784546651788,16.38765363836157,55.890533155967226,67.71559951185934,64.59681631081028,0,0,1,0,0.8276311719925821,0.6316643991220648,0.7580877400853738,0.35452596812986836,0.9706980243949033,0.8931211213221977,0.7783834970737619,0.19463870785196757,0.4667210037270342,0.04380376578722878,0.15428949206754783,0.6830489532424546,0.7447621559078171,0.8276311719925821,0.6316643991220648,0.7580877400853738,0.35452596812986836,0.9706980243949033,0.8931211213221977,0.7783834970737619,0.19463870785196757,0.4667210037270342,0.04380376578722878,0.15428949206754783,0.6830489532424546,0.7447621559078171,0.7739560485559633,0.4388784397520523,0.8585979199113825,0.6973680290593639,0.09417734788764953,0.9756223516367559,0.761139701990353,0.7860643052769538,0.12811363267554587,0.45038593789556713,0.37079802423258124,0.9267649888486018,0.6438651200806645,0.82276161327083,0.44341419882733113,0.2272387217847769,0.5545847870158348,0.06381725610417532,0.7739560485559633,0.4388784397520523,0.8585979199113825,0.6973680290593639,0.09417734788764953,0.9756223516367559,0.761139701990353,0.7860643052769538,0.12811363267554587,0.45038593789556713,0.37079802423258124,0.9267649888486018,0.6438651200806645,0.82276161327083,0.44341419882733113,0.2272387217847769,0.5545847870158348,0.06381725610417532,27.0,36.5,0.0
28,77.40000000000003,44.60000000000001,100.0,78.21173287961167,100,75.85786437626905,55.24068583773536,9.41967007642701,18.61214152141072,56.05034867155896,67.0488987472755,64.09088593429685,0,0,1,0,0.8276311719925821,0.6316643991220648,0.7580877400853738,0.35452596812986836,0.9706980243949033,0.8931211213221977,0.7783834970737619,0.19463870785196757,0.4667210037270342,0.04380376578722878,0.15428949206754783,0.6830489532424546,0.7447621559078171,0.8276311719925821,0.6316643991220648,0.7580877400853738,0.35452596812986836,0.9706980243949033,0.8931211213221977,0.7783834970737619,0.19463870785196757,0.4667210037270342,0.04380376578722878,0.15428949206754783,0.6830489532424546,0.7447621559078171,0.7739560485559633,0.4388784397520523,0.8585979199113825,0.6973680290593639,0.09417734788764953,0.9756223516367559,0.761139701990353,0.7860643052769538,0.12811363267554587,0.45038593789556713,0.37079802423258124,0.9267649888486018,0.6438651200806645,0.82276161327083,0.44341419882733113,0.2272387217847769,0.5545847870158348,0.06381725610417532,0.7739560485559633,0.4388784397520523,0.8585979199113825,0.6973680290593639,0.09417734788764953,0.9756223516367559,0.761139701990353,0.7860643052769538,0.12811363267554587,0.45038593789556713,0.37079802423258124,0.9267649888486018,0.6438651200806645,0.82276161327083,0.44341419882733113,0.2272387217847769,0.5545847870158348,0.06381725610417532,28.0,36.0,0.0
29,77.30000000000004,44.70000000000001,100.0,73.22047469208215,100,75.85786437626905,50.038264550042605,9.761263206867403,20.72030623423243,56.21016418715071,66.4281952154942,63.617242646192224,0,0,1,0,0.8276311719925821,0.6316643991220648,0.7580877400853738,0.35452596812986836,0.9706980243949033,0.8931211213221977,0.7783834970737619,0.19463870785196757,0.4667210037270342,0.04380376578722878,0.15428949206754783,0.6830489532424546,0.7447621559078171,0.8276311719925821,0.6316643991220648,0.7580877400853738,0.35452596812986836,0.9706980243949033,0.8931211213221977,0.7783834970737619,0.19463870785196757,0.4667210037270342,0.04380376578722878,0.15428949206754783,0.6830489532424546,0.7447621559078171,0.7739560485559633,0.4388784397520523,0.8585979199113825,0.6973680290593639,0.09417734788764953,0.9756223516367559,0.761139701990353,0.7860643052769538,0.12811363267554587,0.45038593789556713,0.37079802423258124,0.9267649888486018,0.6438651200806645,0.82276161327083,0.44341419882733113,0.2272387217847769,0.5545847870158348,0.06381725610417532,0.7739560485559633,0.4388784397520523,0.8585979199113825,0.6973680290593639,0.09417734788764953,0.9756223516367559,0.761139701990353,0.7860643052769538,0.12811363267554587,0.45038593789556713,0.37079802423258124,0.9267649888486018,0.6438651200806645,0.82276161327083,0.44341419882733113,0.2272387217847769,0.5545847870158348,0.06381725610417532,29.0,35.5,0.0
30,77.20000000000005,44.80000000000001,100.0,69.10513069832056,100,75.85786437626905,45.325793501819,10.23876571660227,22.529009952507888,56.36997970274244,65.9259064161732,63.226718856868565,0,0,1,0,0.8276311719925821,0.6316643991220648,0.7580877400853738,0.35452596812986836,0.9706980243949033,0.8931211213221977,0.7783834970737619,0.19463870785196757,0.4667210037270342,0.04380376578722878,0.15428949206754783,0.6830489532424546,0.7447621559078171,0.8276311719925821,0.6316643991220648,0.7580877400853738,0.35452596812986836,0.9706980243949033,0.8931211213221977,0.7783834970737619,0.19463870785196757,0.4667210037270342,0.04380376578722878,0.15428949206754783,0.6830489532424546,0.7447621559078171,0.7739560485559633,0.4388784397520523,0.8585979199113825,0.6973680290593639,0.09417734788764953,0.9756223516367559,0.761139701990353,0.7860643052769538,0.12811363267554587,0.45038593789556713,0.37079802423258124,0.9267649888486018,0.6438651200806645,0.82276161327083,0.44341419882733113,0.2272387217847769,0.5545847870158348,0.06381725610417532,0.7739560485559633,0.4388784397520523,0.8585979199113825,0.6973680290593639,0.09417734788764953,0.9756223516367559,0.761139701990353,0.7860643052769538,0.12811363267554587,0.45038593789556713,0.37079802423258124,0.9267649888486018,0.6438651200806645,0.82276161327083,0.44341419882733113,0.2272387217847769,0.5545847870158348,0.06381725610417532,30.0,35.0,0.0
