condition,plasticity_rule,eta,run_id,seed,mother_survival_tick,child_survival_tick,mean_deficit,final_mother_energy,final_child_hunger,final_child_warmth,p_Forage,p_Care,p_Self,p_Protect
fixed,fixed,,0,1000,1000,296,2.8735755611249534,55.59999999999966,76.0,0.0,0.106,0.098,0.714,0.082
fixed,fixed,,1,1001,1000,164,2.3992577775865467,59.59999999999944,84.0,0.0,0.079,0.033,0.846,0.042
fixed,fixed,,2,1002,1000,180,2.605700650604345,73.9000000000006,100.0,2.0,0.416,0.08,0.504,0.0
fixed,fixed,,3,1003,1000,100,2.9443665962619314,97.2000000000001,40.0,0.0,0.55,0.001,0.449,0.0
fixed,fixed,,4,1004,929,120,2.791393008872752,0.0,100.0,31.5,0.007534983853606028,0.077502691065662,0.9149623250807319,0.0
fixed,fixed,,5,1005,668,211,2.923284285913412,0.0,51.0,0.0,0.0688622754491018,0.1347305389221557,0.7964071856287425,0.0
fixed,fixed,,6,1006,1000,100,2.1530077210950935,97.60000000000008,100.0,49.5,0.103,0.099,0.798,0.0
fixed,fixed,,7,1007,1000,100,2.1338124133429304,97.90000000000006,100.0,49.5,0.105,0.103,0.792,0.0
fixed,fixed,,8,1008,1000,100,2.280029294395157,98.60000000000002,100.0,49.5,0.9,0.1,0.0,0.0
fixed,fixed,,9,1009,1000,220,2.4717919883635266,79.80000000000052,100.0,16.5,0.862,0.138,0.0,0.0
fixed,fixed,,10,1010,1000,240,2.457614324269419,94.30000000000267,100.0,23.0,0.856,0.144,0.0,0.0
fixed,fixed,,11,1011,1000,100,1.7855531609139048,96.90000000000012,100.0,49.5,0.078,0.102,0.82,0.0
fixed,fixed,,12,1012,1000,116,2.465005020377884,96.20000000000219,46.0,0.0,0.168,0.009,0.821,0.002
fixed,fixed,,13,1013,1000,100,3.108079612628056,61.39999999999908,47.0,0.0,0.093,0.0,0.907,0.0
fixed,fixed,,14,1014,632,200,2.5798449035450712,0.0,100.0,29.5,0.14082278481012658,0.18037974683544303,0.6772151898734177,0.0015822784810126582
fixed,fixed,,15,1015,1000,144,2.622848312897722,94.40000000000212,58.0,0.0,0.978,0.022,0.0,0.0
fixed,fixed,,16,1016,1000,180,2.6436384461865496,59.29999999999918,100.0,5.0,0.17,0.049,0.755,0.026
fixed,fixed,,17,1017,1000,100,1.9582232830645547,97.00000000000011,100.0,30.0,0.116,0.03,0.634,0.22
fixed,fixed,,18,1018,1000,154,2.542114298433351,76.20000000000164,54.0,0.0,0.946,0.054,0.0,0.0
fixed,fixed,,19,1019,1000,100,2.0964342837230325,98.70000000000002,100.0,49.5,0.103,0.099,0.798,0.0
fixed,fixed,,20,1020,1000,206,2.6088785259595144,76.60000000000187,100.0,3.0,0.526,0.074,0.4,0.0
fixed,fixed,,21,1021,1000,150,2.564431074933975,84.4000000000018,74.0,0.0,0.975,0.025,0.0,0.0
fixed,fixed,,22,1022,1000,240,2.5262938154211056,64.6999999999996,100.0,12.0,0.179,0.121,0.7,0.0
fixed,fixed,,23,1023,1000,100,2.6414926518303066,97.50000000000009,41.0,0.0,1.0,0.0,0.0,0.0
fixed,fixed,,24,1024,1000,100,2.6277968571236987,92.6000000000023,15.0,0.0,1.0,0.0,0.0,0.0
fixed,fixed,,25,1025,1000,151,2.6933714638884583,80.30000000000081,71.0,0.0,0.949,0.051,0.0,0.0
fixed,fixed,,26,1026,1000,102,2.7142491661400663,92.60000000000183,39.0,0.0,0.727,0.001,0.272,0.0
fixed,fixed,,27,1027,1000,120,2.9415478216432356,83.50000000000074,56.0,0.0,0.98,0.02,0.0,0.0
fixed,fixed,,28,1028,1000,137,2.701725764116995,79.40000000000032,77.0,0.0,0.963,0.037,0.0,0.0
fixed,fixed,,29,1029,1000,100,2.593061400257216,92.60000000000119,42.0,0.0,1.0,0.0,0.0,0.0
outcome_eta0.001,outcome,0.001,0,1000,1000,228,2.5472228233064125,74.3000000000011,100.0,12.0,0.335,0.092,0.573,0.0
outcome_eta0.001,outcome,0.001,1,1001,1000,200,3.0209387427049093,57.4999999999989,100.0,2.0,0.147,0.053,0.798,0.002
outcome_eta0.001,outcome,0.001,2,1002,1000,152,3.1179329240762708,65.69999999999965,93.0,0.0,0.154,0.045,0.79,0.011
outcome_eta0.001,outcome,0.001,3,1003,1000,100,2.1153202486306606,96.70000000000013,100.0,49.5,0.092,0.099,0.809,0.0
outcome_eta0.001,outcome,0.001,4,1004,1000,100,2.4868956549183463,79.80000000000268,41.0,0.0,0.153,0.0,0.847,0.0
outcome_eta0.001,outcome,0.001,5,1005,650,280,3.400128000357312,0.0,100.0,23.0,0.17846153846153845,0.27384615384615385,0.5476923076923077,0.0
outcome_eta0.001,outcome,0.001,6,1006,1000,180,2.7404249726609806,77.10000000000028,100.0,1.5,0.915,0.077,0.008,0.0
outcome_eta0.001,outcome,0.001,7,1007,1000,175,2.606162385472668,60.69999999999901,95.0,0.0,0.155,0.051,0.794,0.0
outcome_eta0.001,outcome,0.001,8,1008,1000,100,1.8286221969052003,97.3000000000001,100.0,49.5,0.085,0.099,0.816,0.0
outcome_eta0.001,outcome,0.001,9,1009,1000,100,1.6226672815762402,98.70000000000002,100.0,49.5,0.065,0.099,0.836,0.0
outcome_eta0.001,outcome,0.001,10,1010,1000,191,2.7064673344905197,45.19999999999939,31.0,0.0,0.126,0.067,0.807,0.0
outcome_eta0.001,outcome,0.001,11,1011,1000,200,2.7027958653002533,70.1999999999996,100.0,4.0,0.155,0.054,0.791,0.0
outcome_eta0.001,outcome,0.001,12,1012,1000,100,2.558172576322298,57.00000000000081,100.0,49.5,0.03,0.099,0.871,0.0
outcome_eta0.001,outcome,0.001,13,1013,1000,180,2.7087039385379916,60.19999999999904,100.0,11.0,0.174,0.066,0.76,0.0
outcome_eta0.001,outcome,0.001,14,1014,1000,100,2.169876794530808,98.50000000000003,100.0,49.5,0.1,0.096,0.801,0.003
outcome_eta0.001,outcome,0.001,15,1015,1000,240,2.5460404756808086,66.5999999999997,100.0,5.0,0.525,0.111,0.364,0.0
outcome_eta0.001,outcome,0.001,16,1016,1000,130,3.4086398607351165,97.80000000000007,72.0,0.0,0.181,0.015,0.804,0.0
outcome_eta0.001,outcome,0.001,17,1017,1000,154,2.6281338525173625,89.40000000000114,67.0,0.0,0.973,0.027,0.0,0.0
outcome_eta0.001,outcome,0.001,18,1018,1000,240,2.7040459778633137,55.19999999999944,100.0,5.0,0.177,0.077,0.697,0.049
outcome_eta0.001,outcome,0.001,19,1019,1000,180,3.4631517747928555,24.19999999999917,100.0,11.0,0.197,0.068,0.735,0.0
outcome_eta0.001,outcome,0.001,20,1020,1000,260,2.6486046875639198,70.2000000000003,100.0,19.5,0.842,0.158,0.0,0.0
outcome_eta0.001,outcome,0.001,21,1021,1000,100,1.8374648409914798,96.80000000000013,100.0,37.0,0.081,0.037,0.817,0.065
outcome_eta0.001,outcome,0.001,22,1022,1000,260,3.353027545956096,66.1,100.0,9.0,0.535,0.123,0.342,0.0
outcome_eta0.001,outcome,0.001,23,1023,1000,100,1.8456264442496666,98.60000000000002,100.0,47.0,0.075,0.094,0.831,0.0
outcome_eta0.001,outcome,0.001,24,1024,1000,100,2.2474347705907824,98.40000000000003,100.0,49.5,0.449,0.099,0.452,0.0
outcome_eta0.001,outcome,0.001,25,1025,1000,240,3.5173518278417975,47.89999999999958,100.0,10.0,0.16,0.08,0.698,0.062
outcome_eta0.001,outcome,0.001,26,1026,1000,100,1.7801512146137302,97.40000000000009,100.0,5.0,0.084,0.005,0.817,0.094
outcome_eta0.001,outcome,0.001,27,1027,682,280,2.9018009094767123,0.0,100.0,8.5,0.19794721407624633,0.22434017595307917,0.5777126099706745,0.0
outcome_eta0.001,outcome,0.001,28,1028,1000,218,3.319238711975631,32.399999999999345,98.0,0.0,0.146,0.063,0.736,0.055
outcome_eta0.001,outcome,0.001,29,1029,1000,249,3.5198681938601286,30.099999999999532,89.0,0.0,0.182,0.089,0.729,0.0
outcome_eta0.01,outcome,0.01,0,1000,1000,260,2.6248413849964174,68.80000000000038,100.0,33.0,0.678,0.182,0.14,0.0
outcome_eta0.01,outcome,0.01,1,1001,1000,180,2.642673332378919,76.2000000000005,100.0,15.5,0.942,0.058,0.0,0.0
outcome_eta0.01,outcome,0.01,2,1002,1000,100,2.286074736395362,96.6000000000003,100.0,49.5,0.901,0.099,0.0,0.0
outcome_eta0.01,outcome,0.01,3,1003,1000,100,1.7010831914763778,97.3000000000001,100.0,49.5,0.065,0.1,0.835,0.0
outcome_eta0.01,outcome,0.01,4,1004,1000,120,1.7438441113186987,97.3000000000001,100.0,22.0,0.085,0.032,0.805,0.078
outcome_eta0.01,outcome,0.01,5,1005,1000,174,3.5162601561554285,64.29999999999907,83.0,0.0,0.154,0.044,0.802,0.0
outcome_eta0.01,outcome,0.01,6,1006,1000,180,3.016722950985378,63.79999999999939,100.0,1.0,0.09,0.044,0.855,0.011
outcome_eta0.01,outcome,0.01,7,1007,1000,200,2.731724098382806,74.80000000000027,100.0,17.5,0.898,0.102,0.0,0.0
outcome_eta0.01,outcome,0.01,8,1008,1000,100,1.6687123705331444,97.2000000000001,100.0,49.5,0.072,0.099,0.829,0.0
outcome_eta0.01,outcome,0.01,9,1009,1000,100,1.5869066356679933,98.20000000000005,100.0,49.5,0.073,0.101,0.826,0.0
outcome_eta0.01,outcome,0.01,10,1010,1000,100,1.638417790218673,97.3000000000001,100.0,49.5,0.071,0.099,0.83,0.0
outcome_eta0.01,outcome,0.01,11,1011,1000,100,2.327245169932193,97.80000000000007,100.0,49.5,0.901,0.099,0.0,0.0
outcome_eta0.01,outcome,0.01,12,1012,1000,100,1.6878635017260122,98.70000000000002,100.0,49.5,0.073,0.099,0.828,0.0
outcome_eta0.01,outcome,0.01,13,1013,1000,100,2.019381882885074,97.00000000000011,100.0,49.5,0.093,0.099,0.808,0.0
outcome_eta0.01,outcome,0.01,14,1014,1000,200,2.5635228755266875,93.40000000000188,100.0,40.0,0.858,0.142,0.0,0.0
outcome_eta0.01,outcome,0.01,15,1015,1000,100,2.33631033327561,99.9,100.0,17.0,0.894,0.017,0.03,0.059
outcome_eta0.01,outcome,0.01,16,1016,1000,100,2.7155490766304684,76.20000000000147,40.0,0.0,0.119,0.0,0.867,0.014
outcome_eta0.01,outcome,0.01,17,1017,1000,100,1.7216905261395263,98.30000000000004,100.0,49.5,0.08,0.098,0.821,0.001
outcome_eta0.01,outcome,0.01,18,1018,1000,220,3.217028899711837,67.09999999999988,80.0,0.0,0.839,0.061,0.072,0.028
outcome_eta0.01,outcome,0.01,19,1019,1000,100,1.7515983430956386,97.3000000000001,100.0,20.0,0.083,0.02,0.818,0.079
outcome_eta0.01,outcome,0.01,20,1020,1000,200,2.2107607129736087,63.59999999999969,100.0,28.0,0.073,0.128,0.799,0.0
outcome_eta0.01,outcome,0.01,21,1021,1000,259,2.782947043286732,71.09999999999998,100.0,28.5,0.728,0.177,0.095,0.0
outcome_eta0.01,outcome,0.01,22,1022,1000,240,2.655136524918148,83.4000000000011,100.0,24.5,0.868,0.132,0.0,0.0
outcome_eta0.01,outcome,0.01,23,1023,659,182,3.445602898813449,0.0,82.0,0.0,0.0637329286798179,0.11380880121396054,0.8118361153262519,0.010622154779969651
outcome_eta0.01,outcome,0.01,24,1024,1000,100,1.8221963869145281,89.5000000000048,100.0,49.5,0.077,0.099,0.824,0.0
outcome_eta0.01,outcome,0.01,25,1025,1000,224,2.706276346194033,68.00000000000021,84.0,0.0,0.9,0.062,0.0,0.038
outcome_eta0.01,outcome,0.01,26,1026,1000,100,1.6857549093416047,97.50000000000009,100.0,49.5,0.073,0.099,0.828,0.0
outcome_eta0.01,outcome,0.01,27,1027,1000,100,2.1011666227871104,93.90000000000461,100.0,49.5,0.131,0.099,0.77,0.0
outcome_eta0.01,outcome,0.01,28,1028,1000,100,2.0828501314894394,99.9,100.0,49.5,0.099,0.099,0.802,0.0
outcome_eta0.01,outcome,0.01,29,1029,1000,100,1.6626241241079946,98.50000000000003,100.0,49.5,0.075,0.099,0.826,0.0
outcome_eta0.1,outcome,0.1,0,1000,1000,120,2.2882454886890353,98.40000000000003,100.0,48.5,0.903,0.095,0.001,0.001
outcome_eta0.1,outcome,0.1,1,1001,1000,100,1.8843157324162236,84.1000000000054,100.0,49.5,0.079,0.08,0.841,0.0
outcome_eta0.1,outcome,0.1,2,1002,1000,100,1.628899748222396,98.00000000000006,100.0,17.0,0.071,0.017,0.83,0.082
outcome_eta0.1,outcome,0.1,3,1003,1000,200,2.4939279707187754,83.90000000000177,100.0,19.0,0.911,0.089,0.0,0.0
outcome_eta0.1,outcome,0.1,4,1004,1000,100,2.316782987788498,98.20000000000005,100.0,49.5,0.918,0.078,0.004,0.0
outcome_eta0.1,outcome,0.1,5,1005,1000,260,2.5338013495180567,76.10000000000089,100.0,23.0,0.829,0.171,0.0,0.0
outcome_eta0.1,outcome,0.1,6,1006,1000,120,1.9090799398975222,97.90000000000006,100.0,49.5,0.101,0.095,0.803,0.001
outcome_eta0.1,outcome,0.1,7,1007,1000,191,2.5455525792715763,87.1000000000014,91.0,0.0,0.949,0.051,0.0,0.0
outcome_eta0.1,outcome,0.1,8,1008,682,200,3.14775021146254,0.0,100.0,33.5,0.1627565982404692,0.19208211143695014,0.6451612903225806,0.0
outcome_eta0.1,outcome,0.1,9,1009,1000,240,2.7940643269349787,41.999999999999424,100.0,4.5,0.219,0.096,0.685,0.0
outcome_eta0.1,outcome,0.1,10,1010,1000,100,1.9711069069121772,78.9000000000039,100.0,49.5,0.075,0.099,0.826,0.0
outcome_eta0.1,outcome,0.1,11,1011,1000,118,2.52993586343077,59.299999999998946,54.0,0.0,0.187,0.009,0.804,0.0
outcome_eta0.1,outcome,0.1,12,1012,1000,260,3.0867227983258307,60.699999999999584,100.0,2.0,0.614,0.088,0.226,0.072
outcome_eta0.1,outcome,0.1,13,1013,1000,100,2.3269975510639362,98.20000000000005,100.0,49.5,0.897,0.099,0.004,0.0
outcome_eta0.1,outcome,0.1,14,1014,1000,200,3.282873212861878,36.8999999999998,100.0,20.5,0.098,0.116,0.786,0.0
outcome_eta0.1,outcome,0.1,15,1015,1000,240,2.706236710284073,74.30000000000155,100.0,22.0,0.852,0.142,0.0,0.006
outcome_eta0.1,outcome,0.1,16,1016,673,180,3.3573384708679024,0.0,100.0,30.5,0.16344725111441308,0.16196136701337296,0.6716196136701337,0.0029717682020802376
outcome_eta0.1,outcome,0.1,17,1017,1000,100,2.4180158148632134,78.80000000000294,18.0,0.0,0.117,0.0,0.883,0.0
outcome_eta0.1,outcome,0.1,18,1018,1000,100,1.621234829611557,98.60000000000002,100.0,14.0,0.078,0.014,0.823,0.085
outcome_eta0.1,outcome,0.1,19,1019,1000,100,3.1403353085918386,64.29999999999916,40.0,0.0,0.148,0.004,0.848,0.0
outcome_eta0.1,outcome,0.1,20,1020,1000,180,2.480823221868908,98.40000000000003,100.0,47.5,0.855,0.134,0.01,0.001
outcome_eta0.1,outcome,0.1,21,1021,1000,100,1.855296846465203,97.40000000000009,100.0,49.0,0.088,0.098,0.814,0.0
outcome_eta0.1,outcome,0.1,22,1022,1000,220,2.761939491074651,93.90000000000104,100.0,5.0,0.465,0.075,0.46,0.0
outcome_eta0.1,outcome,0.1,23,1023,1000,256,2.8529900242381063,78.90000000000086,96.0,0.0,0.845,0.078,0.0,0.077
outcome_eta0.1,outcome,0.1,24,1024,1000,100,1.741842386226704,97.80000000000007,100.0,49.5,0.08,0.099,0.821,0.0
outcome_eta0.1,outcome,0.1,25,1025,1000,100,2.2649114603267844,98.00000000000006,100.0,49.5,0.901,0.098,0.0,0.001
outcome_eta0.1,outcome,0.1,26,1026,1000,100,1.6811564498410931,97.2000000000001,100.0,49.5,0.073,0.099,0.828,0.0
outcome_eta0.1,outcome,0.1,27,1027,1000,120,1.885032013695634,91.00000000000472,100.0,49.5,0.079,0.109,0.811,0.001
outcome_eta0.1,outcome,0.1,28,1028,1000,100,1.70698755823702,95.40000000000015,100.0,49.5,0.076,0.097,0.825,0.002
outcome_eta0.1,outcome,0.1,29,1029,1000,240,3.4878245883224563,50.59999999999945,100.0,16.5,0.339,0.128,0.533,0.0
hebbian_eta0.001,hebbian,0.001,0,1000,1000,260,2.5108015820173324,70.20000000000131,100.0,25.0,0.833,0.167,0.0,0.0
hebbian_eta0.001,hebbian,0.001,1,1001,1000,200,2.9437604779495468,72.10000000000022,100.0,8.0,0.925,0.075,0.0,0.0
hebbian_eta0.001,hebbian,0.001,2,1002,1000,100,2.636008728054756,81.70000000000066,54.0,0.0,1.0,0.0,0.0,0.0
hebbian_eta0.001,hebbian,0.001,3,1003,1000,180,2.4886270021509116,80.70000000000135,100.0,29.0,0.89,0.11,0.0,0.0
hebbian_eta0.001,hebbian,0.001,4,1004,1000,100,2.3937548850172625,97.90000000000006,60.0,0.0,0.908,0.0,0.0,0.092
hebbian_eta0.001,hebbian,0.001,5,1005,1000,160,2.5369171816186618,94.40000000000245,78.0,0.0,0.967,0.031,0.0,0.002
hebbian_eta0.001,hebbian,0.001,6,1006,1000,200,2.754096846756109,78.0000000000004,100.0,4.5,0.891,0.109,0.0,0.0
hebbian_eta0.001,hebbian,0.001,7,1007,1000,138,2.6045739047028302,79.40000000000123,78.0,0.0,0.962,0.038,0.0,0.0
hebbian_eta0.001,hebbian,0.001,8,1008,1000,146,2.491823628265252,98.30000000000004,46.0,0.0,0.941,0.023,0.0,0.036
hebbian_eta0.001,hebbian,0.001,9,1009,1000,170,2.5359121854145115,98.20000000000005,90.0,0.0,0.965,0.035,0.0,0.0
hebbian_eta0.001,hebbian,0.001,10,1010,1000,166,2.568042772641863,75.30000000000014,80.0,0.0,0.967,0.033,0.0,0.0
hebbian_eta0.001,hebbian,0.001,11,1011,1000,114,2.6195423406964973,68.39999999999972,57.0,0.0,0.101,0.007,0.869,0.023
hebbian_eta0.001,hebbian,0.001,12,1012,1000,174,2.7015507127849614,85.30000000000129,79.0,0.0,0.963,0.037,0.0,0.0
hebbian_eta0.001,hebbian,0.001,13,1013,1000,122,2.524948935002526,97.60000000000008,69.0,0.0,0.989,0.011,0.0,0.0
hebbian_eta0.001,hebbian,0.001,14,1014,1000,129,2.5289927735183078,98.50000000000324,69.0,0.0,0.971,0.029,0.0,0.0
hebbian_eta0.001,hebbian,0.001,15,1015,1000,106,3.424771257888086,98.9,63.0,0.0,0.218,0.012,0.77,0.0
hebbian_eta0.001,hebbian,0.001,16,1016,1000,100,3.485913158635764,86.70000000000067,42.0,0.0,1.0,0.0,0.0,0.0
hebbian_eta0.001,hebbian,0.001,17,1017,1000,276,2.8509762119825455,59.79999999999963,96.0,0.0,0.831,0.088,0.0,0.081
hebbian_eta0.001,hebbian,0.001,18,1018,1000,112,2.407414440160502,73.80000000000092,33.0,0.0,0.099,0.006,0.882,0.013
hebbian_eta0.001,hebbian,0.001,19,1019,1000,128,2.5931050891497587,97.10000000000011,68.0,0.0,0.97,0.014,0.0,0.016
hebbian_eta0.001,hebbian,0.001,20,1020,1000,100,1.779412088639365,97.70000000000007,100.0,49.5,0.08,0.099,0.821,0.0
hebbian_eta0.001,hebbian,0.001,21,1021,1000,210,2.7961157242609334,88.00000000000117,69.0,0.0,0.853,0.055,0.092,0.0
hebbian_eta0.001,hebbian,0.001,22,1022,1000,112,3.0939965295350182,97.2000000000001,17.0,0.0,0.183,0.006,0.796,0.015
hebbian_eta0.001,hebbian,0.001,23,1023,1000,180,2.7747666295658666,42.69999999999952,100.0,6.0,0.066,0.046,0.839,0.049
hebbian_eta0.001,hebbian,0.001,24,1024,1000,118,2.638571001473275,83.50000000000112,33.0,0.0,0.991,0.009,0.0,0.0
hebbian_eta0.001,hebbian,0.001,25,1025,1000,100,2.650087927105836,81.70000000000087,42.0,0.0,1.0,0.0,0.0,0.0
hebbian_eta0.001,hebbian,0.001,26,1026,1000,100,3.224292745574952,92.60000000000146,37.0,0.0,1.0,0.0,0.0,0.0
hebbian_eta0.001,hebbian,0.001,27,1027,1000,100,1.7735052677185792,95.30000000000015,100.0,41.0,0.082,0.091,0.827,0.0
hebbian_eta0.001,hebbian,0.001,28,1028,578,168,2.907715131656899,0.0,88.0,0.0,0.15916955017301038,0.058823529411764705,0.698961937716263,0.08304498269896193
hebbian_eta0.001,hebbian,0.001,29,1029,1000,158,2.794401231681319,66.20000000000033,78.0,0.0,0.942,0.058,0.0,0.0
hebbian_eta0.01,hebbian,0.01,0,1000,1000,178,2.4956743214679564,61.39999999999945,58.0,0.0,0.084,0.039,0.823,0.054
hebbian_eta0.01,hebbian,0.01,1,1001,1000,180,2.6701540852188845,58.39999999999909,100.0,14.0,0.503,0.06,0.435,0.002
hebbian_eta0.01,hebbian,0.01,2,1002,1000,100,1.7759122282226267,98.10000000000005,100.0,49.5,0.077,0.101,0.821,0.001
hebbian_eta0.01,hebbian,0.01,3,1003,1000,100,2.178242962819885,98.40000000000003,100.0,49.5,0.103,0.099,0.798,0.0
hebbian_eta0.01,hebbian,0.01,4,1004,1000,100,1.9437200410579252,98.9,100.0,49.5,0.098,0.099,0.803,0.0
hebbian_eta0.01,hebbian,0.01,5,1005,1000,100,1.996530054022828,97.60000000000008,100.0,49.5,0.095,0.099,0.806,0.0
hebbian_eta0.01,hebbian,0.01,6,1006,1000,180,2.5948397982354203,88.00000000000122,100.0,3.5,0.913,0.087,0.0,0.0
hebbian_eta0.01,hebbian,0.01,7,1007,1000,166,2.5689138899408768,85.30000000000317,90.0,0.0,0.967,0.033,0.0,0.0
hebbian_eta0.01,hebbian,0.01,8,1008,1000,208,2.6569401943235387,77.10000000000062,88.0,0.0,0.896,0.054,0.0,0.05
hebbian_eta0.01,hebbian,0.01,9,1009,1000,260,2.542983318932552,43.299999999999564,100.0,10.5,0.145,0.137,0.716,0.002
hebbian_eta0.01,hebbian,0.01,10,1010,1000,240,2.614730491076958,87.50000000000256,100.0,0.0,0.88,0.12,0.0,0.0
hebbian_eta0.01,hebbian,0.01,11,1011,1000,100,2.607062236016928,81.70000000000083,36.0,0.0,1.0,0.0,0.0,0.0
hebbian_eta0.01,hebbian,0.01,12,1012,1000,220,2.7325219698525953,82.50000000000094,100.0,24.5,0.866,0.134,0.0,0.0
hebbian_eta0.01,hebbian,0.01,13,1013,1000,152,2.586027432454738,94.40000000000204,92.0,0.0,0.973,0.027,0.0,0.0
hebbian_eta0.01,hebbian,0.01,14,1014,1000,100,2.557291501928517,97.10000000000011,54.0,0.0,1.0,0.0,0.0,0.0
hebbian_eta0.01,hebbian,0.01,15,1015,1000,178,2.6673700603504984,70.70000000000059,58.0,0.0,0.732,0.078,0.19,0.0
hebbian_eta0.01,hebbian,0.01,16,1016,1000,144,2.6955630309518,71.20000000000073,64.0,0.0,0.807,0.022,0.147,0.024
hebbian_eta0.01,hebbian,0.01,17,1017,1000,172,2.5530257695362732,97.70000000000007,74.0,0.0,0.853,0.036,0.092,0.019
hebbian_eta0.01,hebbian,0.01,18,1018,1000,192,2.906960958038856,81.20000000000101,95.0,0.0,0.952,0.046,0.002,0.0
hebbian_eta0.01,hebbian,0.01,19,1019,1000,140,2.727056805549914,46.99999999999878,100.0,6.0,0.132,0.036,0.831,0.001
hebbian_eta0.01,hebbian,0.01,20,1020,1000,100,2.3423235534407847,97.80000000000007,100.0,49.5,0.89,0.094,0.011,0.005
hebbian_eta0.01,hebbian,0.01,21,1021,1000,104,3.5683592342588883,72.60000000000028,27.0,0.0,0.977,0.023,0.0,0.0
hebbian_eta0.01,hebbian,0.01,22,1022,1000,240,2.6355159597730236,58.799999999999564,100.0,24.5,0.533,0.146,0.321,0.0
hebbian_eta0.01,hebbian,0.01,23,1023,1000,220,2.682781603046343,86.60000000000169,100.0,11.5,0.834,0.114,0.046,0.006
hebbian_eta0.01,hebbian,0.01,24,1024,1000,122,2.52186711633737,98.30000000000004,50.0,0.0,0.978,0.022,0.0,0.0
hebbian_eta0.01,hebbian,0.01,25,1025,1000,200,2.3965701065636402,60.99999999999954,100.0,29.0,0.09,0.126,0.784,0.0
hebbian_eta0.01,hebbian,0.01,26,1026,1000,100,2.405662985781112,96.30000000000032,100.0,11.0,0.893,0.022,0.085,0.0
hebbian_eta0.01,hebbian,0.01,27,1027,1000,116,3.1162589573734647,87.60000000000095,53.0,0.0,0.959,0.008,0.033,0.0
hebbian_eta0.01,hebbian,0.01,28,1028,1000,100,2.266580366682959,98.00000000000006,100.0,49.5,0.901,0.099,0.0,0.0
hebbian_eta0.01,hebbian,0.01,29,1029,1000,200,2.6630184542924455,63.89999999999925,100.0,9.5,0.906,0.094,0.0,0.0
hebbian_eta0.1,hebbian,0.1,0,1000,1000,100,2.293600491172887,94.4000000000002,100.0,49.5,0.901,0.099,0.0,0.0
hebbian_eta0.1,hebbian,0.1,1,1001,1000,100,2.321546631264563,97.70000000000007,100.0,39.0,0.901,0.039,0.0,0.06
hebbian_eta0.1,hebbian,0.1,2,1002,1000,200,2.6008151160801933,79.80000000000027,100.0,17.5,0.905,0.095,0.0,0.0
hebbian_eta0.1,hebbian,0.1,3,1003,1000,100,2.5700037013755885,87.6000000000007,39.0,0.0,1.0,0.0,0.0,0.0
hebbian_eta0.1,hebbian,0.1,4,1004,1000,159,2.689841114073561,68.90000000000049,100.0,2.5,0.614,0.067,0.319,0.0
hebbian_eta0.1,hebbian,0.1,5,1005,1000,260,2.6489095331273296,78.40000000000043,100.0,18.5,0.861,0.128,0.011,0.0
hebbian_eta0.1,hebbian,0.1,6,1006,1000,156,2.707411439654366,79.40000000000049,100.0,3.0,0.955,0.045,0.0,0.0
hebbian_eta0.1,hebbian,0.1,7,1007,1000,200,2.693986214223788,53.79999999999939,100.0,19.0,0.155,0.113,0.732,0.0
hebbian_eta0.1,hebbian,0.1,8,1008,1000,220,2.677555264892242,75.70000000000047,100.0,8.5,0.892,0.108,0.0,0.0
hebbian_eta0.1,hebbian,0.1,9,1009,1000,100,2.1767324516593836,98.50000000000003,100.0,49.5,0.107,0.099,0.794,0.0
hebbian_eta0.1,hebbian,0.1,10,1010,1000,100,2.457253467681613,87.60000000000133,37.0,0.0,1.0,0.0,0.0,0.0
hebbian_eta0.1,hebbian,0.1,11,1011,1000,240,2.59873586535391,88.40000000000165,100.0,26.0,0.863,0.131,0.005,0.001
hebbian_eta0.1,hebbian,0.1,12,1012,1000,100,2.558271287277837,88.00000000000246,33.0,0.0,0.182,0.0,0.818,0.0
hebbian_eta0.1,hebbian,0.1,13,1013,1000,100,2.2719742479479565,94.6000000000002,100.0,49.5,0.901,0.099,0.0,0.0
hebbian_eta0.1,hebbian,0.1,14,1014,1000,100,2.6078861509484885,97.10000000000011,54.0,0.0,1.0,0.0,0.0,0.0
hebbian_eta0.1,hebbian,0.1,15,1015,1000,100,2.5389360708301387,96.70000000000246,37.0,0.0,0.997,0.0,0.0,0.003
hebbian_eta0.1,hebbian,0.1,16,1016,1000,142,2.691782062302756,83.50000000000202,62.0,0.0,0.936,0.021,0.026,0.017
hebbian_eta0.1,hebbian,0.1,17,1017,1000,100,2.0418064765155433,98.50000000000003,100.0,49.5,0.651,0.099,0.25,0.0
hebbian_eta0.1,hebbian,0.1,18,1018,1000,215,2.8160015406724126,53.89999999999923,95.0,0.0,0.904,0.096,0.0,0.0
hebbian_eta0.1,hebbian,0.1,19,1019,1000,100,2.3682676856835654,97.50000000000009,100.0,38.0,0.898,0.038,0.005,0.059
hebbian_eta0.1,hebbian,0.1,20,1020,1000,100,2.3628160002111342,95.90000000000035,100.0,38.0,0.899,0.038,0.002,0.061
hebbian_eta0.1,hebbian,0.1,21,1021,1000,100,2.1004910495222386,98.00000000000006,100.0,49.5,0.113,0.099,0.788,0.0
hebbian_eta0.1,hebbian,0.1,22,1022,1000,240,2.46792404125303,84.30000000000118,100.0,27.5,0.849,0.151,0.0,0.0
hebbian_eta0.1,hebbian,0.1,23,1023,1000,100,1.852427869130508,98.70000000000002,100.0,49.5,0.101,0.099,0.8,0.0
hebbian_eta0.1,hebbian,0.1,24,1024,1000,280,2.5551963764966605,76.10000000000062,100.0,18.5,0.834,0.166,0.0,0.0
hebbian_eta0.1,hebbian,0.1,25,1025,1000,220,2.620605780481812,71.60000000000002,100.0,18.0,0.882,0.115,0.0,0.003
hebbian_eta0.1,hebbian,0.1,26,1026,1000,174,2.7980534522013323,85.30000000000065,91.0,0.0,0.949,0.051,0.0,0.0
hebbian_eta0.1,hebbian,0.1,27,1027,1000,100,2.3574550895459496,97.2000000000001,100.0,30.0,0.899,0.03,0.002,0.069
hebbian_eta0.1,hebbian,0.1,28,1028,1000,100,2.563138983891232,97.10000000000011,42.0,0.0,1.0,0.0,0.0,0.0
hebbian_eta0.1,hebbian,0.1,29,1029,1000,178,2.619654418843467,67.49999999999963,100.0,1.0,0.175,0.058,0.767,0.0
